run_id,timestamp,kp,ki,kd,temp,temp_ref,temp_raw,temp_u,temp_u_p,temp_u_i,temp_u_d,sq_error
run_1774487764_1f016bf9,1774487765.6080647,24.0,489.0,13.0,26.617523193359375,0.0,23.444713592529297,-100.0,-100.0,-5.751005172729492,0.2446337640285492,708.4925409490243
run_1774487764_1f016bf9,1774487768.0668588,24.0,489.0,13.0,26.57305145263672,0.0,23.394681930541992,-100.0,-100.0,-6.430768966674805,0.332459956407547,706.1270635044784
run_1774487764_1f016bf9,1774487770.545599,24.0,489.0,13.0,26.57305145263672,0.0,23.394681930541992,-100.0,-100.0,-6.883615493774414,0.3007466793060303,706.1270635044784
run_1774487764_1f016bf9,1774487773.0006087,24.0,489.0,13.0,26.57305145263672,0.0,23.394681930541992,-100.0,-100.0,-7.562770843505859,0.37799015641212463,706.1270635044784
run_1774487764_1f016bf9,1774487775.456686,24.0,489.0,13.0,26.528583526611328,0.0,23.344655990600586,-100.0,-100.0,-8.014857292175293,0.341933935880661,703.7657439283939
run_1774487764_1f016bf9,1774487777.9045765,24.0,489.0,13.0,26.528583526611328,0.0,23.344655990600586,-100.0,-100.0,-8.692986488342285,0.29419463872909546,703.7657439283939
run_1774487764_1f016bf9,1774487780.3823476,24.0,489.0,13.0,26.528583526611328,0.0,23.344655990600586,-100.0,-100.0,-9.145072937011719,0.26613160967826843,703.7657439283939
run_1774487764_1f016bf9,1774487782.8523753,24.0,489.0,13.0,26.48408317565918,0.0,23.294593811035156,-100.0,-100.0,-9.822328567504883,0.33691316843032837,701.4066616552336
run_1774487764_1f016bf9,1774487785.3128896,24.0,489.0,13.0,26.48408317565918,0.0,23.294593811035156,-100.0,-100.0,-10.27365493774414,0.3047751188278198,701.4066616552336
run_1774487764_1f016bf9,1774487787.77935,24.0,489.0,13.0,26.48408317565918,0.0,23.294593811035156,-100.0,-100.0,-10.950644493103027,0.2622237801551819,701.4066616552336
run_1774487764_1f016bf9,1774487790.2381523,24.0,489.0,13.0,26.48408317565918,0.0,23.294593811035156,-100.0,-100.0,-11.401970863342285,0.23721042275428772,701.4066616552336
run_1774487764_1f016bf9,1774487792.691738,24.0,489.0,13.0,26.48408317565918,0.0,23.24453353881836,-100.0,-100.0,-11.853107452392578,0.31644120812416077,701.4066616552336
run_1774487764_1f016bf9,1774487795.194123,24.0,489.0,13.0,26.439584732055664,0.0,23.24453353881836,-100.0,-100.0,-12.52895736694336,0.2862560451030731,699.051640803551
run_1774487764_1f016bf9,1774487797.6450875,24.0,489.0,13.0,26.439584732055664,0.0,23.24453353881836,-100.0,-100.0,-12.979538917541504,0.24629023671150208,699.051640803551
run_1774487764_1f016bf9,1774487800.097056,24.0,489.0,13.0,26.439584732055664,0.0,23.24453353881836,-100.0,-100.0,-13.655410766601562,0.2227967381477356,699.051640803551
run_1774487764_1f016bf9,1774487802.5534616,24.0,489.0,13.0,26.439584732055664,0.0,23.194509506225586,-100.0,-100.0,-14.105643272399902,0.31723925471305847,699.051640803551
run_1774487764_1f016bf9,1774487805.0018191,24.0,489.0,13.0,26.395118713378906,0.0,23.194509506225586,-100.0,-100.0,-14.780352592468262,0.2729476988315582,696.7022918933653
run_1774487764_1f016bf9,1774487807.4576752,24.0,489.0,13.0,26.395118713378906,0.0,23.194509506225586,-100.0,-100.0,-15.230159759521484,0.24691131711006165,696.7022918933653
run_1774487764_1f016bf9,1774487809.897042,24.0,489.0,13.0,26.395118713378906,0.0,23.194509506225586,-100.0,-100.0,-15.904869079589844,0.21243858337402344,696.7022918933653
run_1774487764_1f016bf9,1774487812.3641274,24.0,489.0,13.0,26.395118713378906,0.0,23.194509506225586,-100.0,-100.0,-16.35467529296875,0.19217421114444733,696.7022918933653
run_1774487764_1f016bf9,1774487814.8192122,24.0,489.0,13.0,26.350648880004883,0.0,23.144479751586914,-100.0,-100.0,-17.02893829345703,0.1585211455821991,694.3566963973026
run_1774487764_1f016bf9,1774487817.2663686,24.0,489.0,13.0,26.350648880004883,0.0,23.144479751586914,-100.0,-100.0,-17.478334426879883,0.25795072317123413,694.3566963973026
run_1774487764_1f016bf9,1774487819.7196066,24.0,489.0,13.0,26.350648880004883,0.0,23.144479751586914,-100.0,-100.0,-17.927396774291992,0.22193677723407745,694.3566963973026
run_1774487764_1f016bf9,1774487822.1657321,24.0,489.0,13.0,26.350648880004883,0.0,23.144479751586914,-100.0,-100.0,-18.600988388061523,0.20076635479927063,694.3566963973026
run_1774487764_1f016bf9,1774487824.626514,24.0,489.0,13.0,26.350648880004883,0.0,23.144479751586914,-100.0,-100.0,-19.050048828125,0.1727362424135208,694.3566963973026
run_1774487764_1f016bf9,1774487827.0801327,24.0,489.0,13.0,26.350648880004883,0.0,23.144479751586914,-100.0,-100.0,-19.723642349243164,0.15625903010368347,694.3566963973026
run_1774487764_1f016bf9,1774487829.5477142,24.0,489.0,13.0,26.350648880004883,0.0,23.144479751586914,-100.0,-100.0,-20.17270278930664,0.14135360717773438,694.3566963973026
run_1774487764_1f016bf9,1774487832.0087204,24.0,489.0,13.0,26.350648880004883,0.0,23.144479751586914,-100.0,-100.0,-20.846294403076172,0.12161841988563538,694.3566963973026
run_1774487764_1f016bf9,1774487834.4583364,24.0,489.0,13.0,26.350648880004883,0.0,23.09445571899414,-100.0,-100.0,-21.295007705688477,0.2257123589515686,694.3566963973026
run_1774487764_1f016bf9,1774487836.9205487,24.0,489.0,13.0,26.306182861328125,0.0,23.09445571899414,-100.0,-100.0,-21.967437744140625,0.19419938325881958,692.0152567336336
run_1774487764_1f016bf9,1774487839.3765142,24.0,489.0,13.0,26.306182861328125,0.0,23.09445571899414,-100.0,-100.0,-22.41572380065918,0.17567481100559235,692.0152567336336
run_1774487764_1f016bf9,1774487841.8371212,24.0,489.0,13.0,26.306182861328125,0.0,23.09445571899414,-100.0,-100.0,-23.088153839111328,0.15114787220954895,692.0152567336336
run_1774487764_1f016bf9,1774487844.2849252,24.0,489.0,13.0,26.306182861328125,0.0,23.09445571899414,-100.0,-100.0,-23.536439895629883,0.13673000037670135,692.0152567336336
run_1774487764_1f016bf9,1774487846.7441812,24.0,489.0,13.0,26.306182861328125,0.0,23.09445571899414,-100.0,-100.0,-23.98472785949707,0.11764033883810043,692.0152567336336
run_1774487764_1f016bf9,1774487849.2096622,24.0,489.0,13.0,26.306182861328125,0.0,23.09445571899414,-100.0,-100.0,-24.65715789794922,0.10641869157552719,692.0152567336336
run_1774487764_1f016bf9,1774487851.6707609,24.0,489.0,13.0,26.261714935302734,0.0,23.044429779052734,-100.0,-100.0,-25.10472869873047,0.1962243765592575,689.6776713431027
run_1774487764_1f016bf9,1774487854.1264153,24.0,489.0,13.0,26.261714935302734,0.0,23.044429779052734,-100.0,-100.0,-25.7759952545166,0.17750664055347443,689.6776713431027
run_1774487764_1f016bf9,1774487856.5739405,24.0,489.0,13.0,26.261714935302734,0.0,23.044429779052734,-100.0,-100.0,-26.223506927490234,0.16057434678077698,689.6776713431027
run_1774487764_1f016bf9,1774487859.0169687,24.0,489.0,13.0,26.261714935302734,0.0,23.044429779052734,-100.0,-100.0,-26.894775390625,0.13815563917160034,689.6776713431027
run_1774487764_1f016bf9,1774487861.4764352,24.0,489.0,13.0,26.261714935302734,0.0,23.044429779052734,-100.0,-100.0,-27.342287063598633,0.12497706711292267,689.6776713431027
run_1774487764_1f016bf9,1774487863.9275498,24.0,489.0,13.0,26.261714935302734,0.0,23.044429779052734,-100.0,-100.0,-28.013553619384766,0.10752831399440765,689.6776713431027
run_1774487764_1f016bf9,1774487866.373885,24.0,489.0,13.0,26.261714935302734,0.0,23.044429779052734,-100.0,-100.0,-28.4610652923584,0.09727124124765396,689.6776713431027
run_1774487764_1f016bf9,1774487868.8469412,24.0,489.0,13.0,26.21722412109375,0.0,22.99437713623047,-100.0,-100.0,-29.131511688232422,0.19160518050193787,687.34284061566
run_1774487764_1f016bf9,1774487871.314559,24.0,489.0,13.0,26.21722412109375,0.0,22.99437713623047,-100.0,-100.0,-29.57830810546875,0.17332807183265686,687.34284061566
run_1774487764_1f016bf9,1774487873.7684498,24.0,489.0,13.0,26.21722412109375,0.0,22.99437713623047,-100.0,-100.0,-30.025104522705078,0.1491287648677826,687.34284061566
run_1774487764_1f016bf9,1774487876.2214265,24.0,489.0,13.0,26.21722412109375,0.0,22.99437713623047,-100.0,-100.0,-30.69529914855957,0.13490347564220428,687.34284061566
run_1774487764_1f016bf9,1774487878.664703,24.0,489.0,13.0,26.21722412109375,0.0,22.99437713623047,-100.0,-100.0,-31.1420955657959,0.11606882512569427,687.34284061566
run_1774487764_1f016bf9,1774487881.1247125,24.0,489.0,13.0,26.1727294921875,0.0,22.944320678710938,-100.0,-100.0,-31.81186294555664,0.2196117341518402,685.0117690712214
run_1774487764_1f016bf9,1774487883.5734777,24.0,489.0,13.0,26.1727294921875,0.0,22.944320678710938,-100.0,-100.0,-32.25788497924805,0.1986631453037262,685.0117690712214
run_1774487764_1f016bf9,1774487886.0268357,24.0,489.0,13.0,26.1727294921875,0.0,22.944320678710938,-100.0,-100.0,-32.926918029785156,0.17092666029930115,685.0117690712214
run_1774487764_1f016bf9,1774487888.4726038,24.0,489.0,13.0,26.128292083740234,0.0,22.894329071044922,-100.0,-100.0,-33.3724365234375,0.2679475247859955,682.6876472132426
run_1774487764_1f016bf9,1774487890.9221861,24.0,489.0,13.0,26.128292083740234,0.0,22.894329071044922,-100.0,-100.0,-34.040199279785156,0.3498368561267853,682.6876472132426
run_1774487764_1f016bf9,1774487893.3800995,24.0,489.0,13.0,26.083799362182617,0.0,22.844274520874023,-100.0,-100.0,-34.4847297668457,0.3164660632610321,680.3645891665983
run_1774487764_1f016bf9,1774487895.8356462,24.0,489.0,13.0,26.039339065551758,0.0,22.79425621032715,-100.0,-100.0,-35.15055847167969,0.3790472745895386,678.0471789707699
run_1774487764_1f016bf9,1774487898.2877016,24.0,489.0,13.0,25.994848251342773,0.0,22.744203567504883,-100.0,-100.0,-35.59346008300781,0.5722086429595947,675.7321356103384
run_1774487764_1f016bf9,1774487900.7382584,24.0,489.0,13.0,25.950355529785156,0.0,22.694150924682617,-100.0,-100.0,-36.035667419433594,0.6090947985649109,673.420952122251
run_1774487764_1f016bf9,1774487903.1967466,24.0,489.0,13.0,25.861433029174805,0.0,22.594112396240234,-100.0,-100.0,-36.69731521606445,0.7825205326080322,668.8137183224935
run_1774487764_1f016bf9,1774487905.6571662,24.0,489.0,13.0,25.81697654724121,0.0,22.494049072265625,-100.0,-100.0,-37.13700866699219,0.9024860262870789,666.5162780408027
run_1774487764_1f016bf9,1774487908.1109304,24.0,489.0,13.0,25.683574676513672,0.0,22.39402198791504,-100.0,-100.0,-37.794376373291016,0.9297723770141602,659.6460081640544
run_1774487764_1f016bf9,1774487910.5651464,24.0,489.0,13.0,25.63908576965332,0.0,22.293960571289062,-100.0,-100.0,-38.23121643066406,1.0702940225601196,657.3627191036394
run_1774487764_1f016bf9,1774487913.0136154,24.0,489.0,13.0,25.55017852783203,0.0,22.24394989013672,-100.0,-100.0,-38.884334564208984,1.1456719636917114,652.811622804089
run_1774487764_1f016bf9,1774487915.4595585,24.0,489.0,13.0,25.416786193847656,0.0,22.043842315673828,-100.0,-100.0,-39.3177375793457,1.380060076713562,646.0130204237648
run_1774487764_1f016bf9,1774487917.9181411,24.0,489.0,13.0,25.283370971679688,0.0,21.94379234313965,-100.0,-100.0,-39.9648323059082,1.527669072151184,639.2488476915751
run_1774487764_1f016bf9,1774487920.3808224,24.0,489.0,13.0,25.238922119140625,0.0,21.893787384033203,-100.0,-100.0,-40.39427185058594,1.6132560968399048,637.0031897360459
run_1774487764_1f016bf9,1774487922.8376875,24.0,489.0,13.0,25.01659393310547,0.0,21.643667221069336,-100.0,-100.0,-41.0350341796875,1.7183436155319214,625.8299720138893
run_1774487764_1f016bf9,1774487925.292328,24.0,489.0,13.0,24.972171783447266,0.0,21.59369468688965,-100.0,-100.0,-41.46037673950195,1.7812423706054688,623.6093635819998
run_1774487764_1f016bf9,1774487927.754782,24.0,489.0,13.0,24.838809967041016,0.0,21.443660736083984,-100.0,-100.0,-41.88405990600586,1.8617196083068848,616.9664805787761
run_1774487764_1f016bf9,1774487930.211893,24.0,489.0,13.0,24.705448150634766,0.0,21.293630599975586,-100.0,-100.0,-42.51644515991211,2.0242836475372314,610.3591683237028
run_1774487764_1f016bf9,1774487932.6616013,24.0,489.0,13.0,24.661008834838867,0.0,21.143592834472656,-100.0,-100.0,-42.93601989746094,2.1953766345977783,608.1653567520007
run_1774487764_1f016bf9,1774487935.1294615,24.0,489.0,13.0,24.438722610473633,0.0,20.993562698364258,-100.0,-100.0,-43.5615119934082,2.098198890686035,597.2511628316752
run_1774487764_1f016bf9,1774487937.5838168,24.0,489.0,13.0,24.34983253479004,0.0,20.793582916259766,-100.0,-100.0,-43.97601318359375,2.4726505279541016,592.9143444723195
run_1774487764_1f016bf9,1774487940.0438359,24.0,489.0,13.0,24.172046661376953,0.0,20.693553924560547,-100.0,-100.0,-44.593605041503906,2.4680371284484863,584.2878397997847
run_1774487764_1f016bf9,1774487942.4980817,24.0,489.0,13.0,24.038734436035156,0.0,20.44359016418457,-100.0,-99.79107666015625,-45.003013610839844,2.579608201980591,577.8607532862225
run_1774487764_1f016bf9,1774487944.951691,24.0,489.0,13.0,23.86095428466797,0.0,20.34357261657715,-100.0,-99.42063903808594,-45.613277435302734,2.6730222702026367,569.3451393750147
run_1774487764_1f016bf9,1774487947.4182074,24.0,489.0,13.0,23.683202743530273,0.0,20.14360237121582,-100.0,-98.68001556396484,-46.01755905151367,2.646993637084961,560.8940921911599
run_1774487764_1f016bf9,1774487949.873774,24.0,489.0,13.0,23.549909591674805,0.0,19.993648529052734,-100.0,-98.12462615966797,-46.619998931884766,2.9586660861968994,554.598241776057
run_1774487764_1f016bf9,1774487952.3234432,24.0,489.0,13.0,23.416608810424805,0.0,19.843685150146484,-100.0,-97.38410949707031,-47.01870346069336,2.7920260429382324,548.3375681804646
run_1774487764_1f016bf9,1774487954.802867,24.0,489.0,13.0,23.283300399780273,0.0,19.593751907348633,-100.0,-96.6435317993164,-47.61328887939453,2.842409610748291,542.1120775064082
run_1774487764_1f016bf9,1774487957.259664,24.0,489.0,13.0,23.10558319091797,0.0,19.4937801361084,-100.0,-95.71798706054688,-48.006324768066406,3.1414170265197754,533.867974592431
run_1774487764_1f016bf9,1774487959.7117376,24.0,489.0,13.0,22.883472442626953,0.0,19.243906021118164,-100.0,-95.3478012084961,-48.39698791503906,3.151728868484497,523.6533110324672
run_1774487764_1f016bf9,1774487962.1606843,24.0,489.0,13.0,22.705760955810547,0.0,19.043981552124023,-100.0,-94.23717498779297,-48.97838592529297,3.313753128051758,515.5515805824107
run_1774487764_1f016bf9,1774487964.6073313,24.0,489.0,13.0,22.61692237854004,0.0,18.844087600708008,-100.0,-93.86698913574219,-49.36311721801758,3.3044166564941406,511.5251778769052
run_1774487764_1f016bf9,1774487967.0586777,24.0,489.0,13.0,22.350419998168945,0.0,18.644222259521484,-100.0,-93.12674713134766,-49.93612289428711,3.2180216312408447,499.5412740945503
run_1774487764_1f016bf9,1774487969.582471,24.0,489.0,13.0,22.217159271240234,0.0,18.394378662109375,-100.0,-92.20140075683594,-50.314308166503906,3.5450007915496826,493.6021660836559
run_1774487764_1f016bf9,1774487972.0417686,24.0,489.0,13.0,22.03950309753418,0.0,18.29444122314453,-100.0,-91.46119689941406,-50.8776969909668,3.4379334449768066,485.7396967862187
run_1774487764_1f016bf9,1774487974.5037885,24.0,489.0,13.0,21.86184310913086,0.0,17.944717407226562,-100.0,-90.53599548339844,-51.25065612792969,3.6973278522491455,477.94018412825244
run_1774487764_1f016bf9,1774487976.9503767,24.0,489.0,13.0,21.639829635620117,0.0,17.84480857849121,-100.0,-90.16596221923828,-51.80445861816406,3.639005184173584,468.2822266586627
run_1774487764_1f016bf9,1774487979.3959305,24.0,489.0,13.0,21.46221160888672,0.0,17.644987106323242,-100.0,-89.42588806152344,-52.17089080810547,3.520660161972046,460.62652714463184
run_1774487764_1f016bf9,1774487981.8472152,24.0,489.0,13.0,21.240196228027344,0.0,17.395221710205078,-100.0,-88.50082397460938,-52.715702056884766,3.818326711654663,451.145935805107
run_1774487764_1f016bf9,1774487984.3061545,24.0,489.0,13.0,21.151405334472656,0.0,17.295330047607422,-100.0,-87.76089477539062,-53.07549285888672,3.6851212978363037,447.38194762315834
run_1774487764_1f016bf9,1774487986.7694843,24.0,489.0,13.0,20.929414749145508,0.0,16.945711135864258,-100.0,-86.83597564697266,-53.43288040161133,3.722395658493042,438.0404017417495
run_1774487764_1f016bf9,1774487989.2357092,24.0,489.0,13.0,20.751853942871094,0.0,16.845834732055664,-100.0,-86.0960922241211,-53.9639778137207,3.8250997066497803,430.63944206625456
run_1774487764_1f016bf9,1774487991.727785,24.0,489.0,13.0,20.529909133911133,0.0,16.596147537231445,-100.0,-85.54129028320312,-54.314876556396484,3.8483335971832275,421.47716904664776
run_1774487764_1f016bf9,1774487994.187746,24.0,489.0,13.0,20.35234260559082,0.0,16.396385192871094,-100.0,-84.43157196044922,-54.836368560791016,3.948014974594116,414.21784953534734
run_1774487764_1f016bf9,1774487996.6497054,24.0,489.0,13.0,20.26357650756836,0.0,16.146713256835938,-100.0,-83.87672424316406,-55.18069839477539,3.9643399715423584,410.6125328780763
run_1774487764_1f016bf9,1774487999.1095338,24.0,489.0,13.0,19.952898025512695,0.0,15.947010040283203,-100.0,-83.13707733154297,-55.692691802978516,3.8148083686828613,398.1181396165084
run_1774487764_1f016bf9,1774488001.5557172,24.0,489.0,13.0,19.864131927490234,0.0,15.697358131408691,-100.0,-82.21244049072266,-56.0312614440918,4.032038688659668,394.5837372327369
run_1774487764_1f016bf9,1774488004.0000992,24.0,489.0,13.0,19.64223861694336,0.0,15.597518920898438,-100.0,-81.472900390625,-56.53368377685547,3.922107696533203,385.817537884941
run_1774487764_1f016bf9,1774488006.4461362,24.0,489.0,13.0,19.46475601196289,0.0,15.24808120727539,-100.0,-80.54844665527344,-56.86582946777344,4.134843349456787,378.8767266052455
run_1774487764_1f016bf9,1774488008.9191012,24.0,489.0,13.0,19.24289321899414,0.0,15.148255348205566,-100.0,-80.17872619628906,-57.35867691040039,4.0195417404174805,370.2889394376107
run_1774487764_1f016bf9,1774488011.3604224,24.0,489.0,13.0,19.065420150756836,0.0,14.948596954345703,-100.0,-79.43925476074219,-57.68428039550781,3.864675760269165,363.4902455248848
run_1774487764_1f016bf9,1774488013.8087916,24.0,489.0,13.0,18.976694107055664,0.0,14.748967170715332,-100.0,-78.69987487792969,-58.168704986572266,4.004756450653076,360.11491923276117
run_1774487764_1f016bf9,1774488016.2495096,24.0,489.0,13.0,18.799236297607422,0.0,14.649140357971191,-100.0,-77.96050262451172,-58.48866271972656,3.8582489490509033,353.4112853732804
run_1774487764_1f016bf9,1774488018.7062147,24.0,489.0,13.0,18.621774673461914,0.0,14.2998046875,-100.0,-77.03632354736328,-58.806427001953125,3.877579689025879,346.7704919891876
run_1774487764_1f016bf9,1774488021.1534896,24.0,489.0,13.0,18.400005340576172,0.0,14.200005531311035,-100.0,-76.29708862304688,-59.277652740478516,3.9695217609405518,338.56019653323165
run_1774487764_1f016bf9,1774488023.6101696,24.0,489.0,13.0,18.17819595336914,0.0,13.950470924377441,-100.0,-75.74248504638672,-59.588497161865234,3.976876735687256,330.4468081190862
run_1774487764_1f016bf9,1774488026.0669422,24.0,489.0,13.0,18.000816345214844,0.0,13.750919342041016,-100.0,-75.00340270996094,-60.050289154052734,3.823678970336914,324.0293890941539
run_1774487764_1f016bf9,1774488028.5271478,24.0,489.0,13.0,17.91212272644043,0.0,13.501448631286621,-100.0,-74.07943725585938,-60.35523223876953,4.033853054046631,320.84414056706373
run_1774487764_1f016bf9,1774488030.999206,24.0,489.0,13.0,17.690380096435547,0.0,13.401676177978516,-100.0,-73.34027099609375,-60.80745315551758,3.9189212322235107,312.94954795636295
run_1774487764_1f016bf9,1774488033.457403,24.0,489.0,13.0,17.468652725219727,0.0,13.052472114562988,-100.0,-72.41656494140625,-61.105472564697266,4.118700981140137,305.1538280343266
run_1774487764_1f016bf9,1774488035.908934,24.0,489.0,13.0,17.29129981994629,0.0,12.952713012695312,-100.0,-72.04708099365234,-61.54793930053711,4.1184492111206055,298.98904946327457
run_1774487764_1f016bf9,1774488038.361976,24.0,489.0,13.0,17.069589614868164,0.0,12.703289031982422,-100.0,-71.123291015625,-61.83935546875,3.951752185821533,291.3708896200151
run_1774487764_1f016bf9,1774488040.8531322,24.0,489.0,13.0,16.847909927368164,0.0,12.453899383544922,-100.0,-70.19962310791016,-62.271724700927734,4.1843695640563965,283.85206892071074
run_1774487764_1f016bf9,1774488043.3151457,24.0,489.0,13.0,16.759252548217773,0.0,12.354159355163574,-100.0,-69.27616119384766,-62.55656051635742,4.134693622589111,280.87254597494393
run_1774487764_1f016bf9,1774488045.771889,24.0,489.0,13.0,16.537626266479492,0.0,12.005064964294434,-100.0,-68.53728485107422,-62.838523864746094,3.996459484100342,273.4930825297524
run_1774487764_1f016bf9,1774488048.233824,24.0,489.0,13.0,16.315956115722656,0.0,11.855451583862305,-100.0,-67.61381530761719,-63.25663375854492,4.182968616485596,266.21042397018755
run_1774487764_1f016bf9,1774488050.6922789,24.0,489.0,13.0,16.138690948486328,0.0,11.656026840209961,-100.0,-67.24454498291016,-63.53219223022461,4.046868324279785,260.45734553075454
run_1774487764_1f016bf9,1774488053.141691,24.0,489.0,13.0,15.91706657409668,0.0,11.406699180603027,-100.0,-66.32111358642578,-63.94092559814453,3.9966065883636475,253.3530083242258
run_1774487764_1f016bf9,1774488055.5982218,24.0,489.0,13.0,15.828421592712402,0.0,11.207268714904785,-100.0,-65.58248138427734,-64.21022033691406,4.104055881500244,250.53893011664422
run_1774487764_1f016bf9,1774488058.0639818,24.0,489.0,13.0,15.651168823242188,0.0,11.107565879821777,-100.0,-64.65935516357422,-64.6095962524414,4.058421611785889,244.95908553362824
run_1774487764_1f016bf9,1774488060.56746,24.0,489.0,13.0,15.429627418518066,0.0,10.758589744567871,-100.0,-63.92070770263672,-64.87239837646484,4.1281514167785645,238.0734022742845
run_1774487764_1f016bf9,1774488063.0269375,24.0,489.0,13.0,15.25235652923584,0.0,10.65890121459961,-100.0,-62.997711181640625,-65.26227569580078,4.120372772216797,232.63437969492315
run_1774487764_1f016bf9,1774488065.4704807,24.0,489.0,13.0,15.030815124511719,0.0,10.409667015075684,-100.0,-62.62839889526367,-65.51881408691406,3.9511189460754395,225.92540330725024
run_1774487764_1f016bf9,1774488067.9160895,24.0,489.0,13.0,14.853639602661133,0.0,10.210344314575195,-100.0,-61.890167236328125,-65.89895629882812,4.182262897491455,220.63060944574318
run_1774487764_1f016bf9,1774488070.3631036,24.0,489.0,13.0,14.720722198486328,0.0,10.060812950134277,-100.0,-60.96720886230469,-66.14912414550781,4.013828754425049,216.69966204500815
run_1774487764_1f016bf9,1774488072.8217251,24.0,489.0,13.0,14.454906463623047,0.0,9.761770248413086,-100.0,-60.22877502441406,-66.51995086669922,3.8878207206726074,208.94432087209134
run_1774487764_1f016bf9,1774488075.3238726,24.0,489.0,13.0,14.322036743164062,0.0,9.61229133605957,-100.0,-59.306060791015625,-66.76358795166016,4.078573226928711,205.12073647254147
run_1774487764_1f016bf9,1774488077.7779932,24.0,489.0,13.0,14.14484691619873,0.0,9.412952423095703,-100.0,-58.93686294555664,-67.00501251220703,4.067592144012451,200.07669428269674
run_1774487764_1f016bf9,1774488080.2348368,24.0,489.0,13.0,13.923418045043945,0.0,9.163846015930176,-100.0,-57.64514923095703,-67.36190032958984,4.140897750854492,193.86157005705536
run_1774487764_1f016bf9,1774488082.6817985,24.0,489.0,13.0,13.834835052490234,0.0,8.964550018310547,-100.0,-57.2761116027832,-67.59700012207031,4.131165027618408,191.40266092961247
run_1774487764_1f016bf9,1774488085.1351452,24.0,489.0,13.0,13.524840354919434,0.0,8.715445518493652,-100.0,-56.3535041809082,-67.9444580078125,3.9651811122894287,182.92130662605723
run_1774487764_1f016bf9,1774488087.643306,24.0,489.0,13.0,13.436283111572266,0.0,8.516192436218262,-100.0,-55.61553192138672,-68.17298889160156,4.201169490814209,180.53370385432208
run_1774487764_1f016bf9,1774488090.0987113,24.0,489.0,13.0,13.21487808227539,0.0,8.366738319396973,-100.0,-54.693050384521484,-68.51109313964844,4.03080940246582,174.6330027294025
run_1774487764_1f016bf9,1774488092.5501876,24.0,489.0,13.0,13.037742614746094,0.0,8.01806926727295,-100.0,-53.770626068115234,-68.7333984375,4.227396011352539,169.9827324883663
run_1774487764_1f016bf9,1774488094.9989548,24.0,489.0,13.0,12.816398620605469,0.0,7.918447971343994,-100.0,-53.40166091918945,-69.06134033203125,4.088999271392822,164.26007360225776
run_1774487764_1f016bf9,1774488097.4399493,24.0,489.0,13.0,12.595041275024414,0.0,7.669421195983887,-100.0,-52.479339599609375,-69.27705383300781,4.041090488433838,158.63506471956862
run_1774487764_1f016bf9,1774488099.8854628,24.0,489.0,13.0,12.373730659484863,0.0,7.420446872711182,-100.0,-51.557212829589844,-69.5948486328125,4.256988525390625,153.1092104334757
run_1774487764_1f016bf9,1774488102.3398716,24.0,489.0,13.0,12.285179138183594,0.0,7.320826053619385,-100.0,-50.81941604614258,-69.80353546142578,4.081234931945801,150.9256264572614
run_1774487764_1f016bf9,1774488104.7886353,24.0,489.0,13.0,12.10812759399414,0.0,6.972285270690918,-100.0,-49.89735412597656,-70.010009765625,4.0638909339904785,146.60675383244234
run_1774487764_1f016bf9,1774488107.2469857,24.0,489.0,13.0,11.886825561523438,0.0,6.872678279876709,-100.0,-49.1596565246582,-70.31444549560547,4.132663726806641,141.29662193008699
run_1774487764_1f016bf9,1774488109.7045226,24.0,489.0,13.0,11.665567398071289,0.0,6.623763084411621,-100.0,-48.60653305053711,-70.51431274414062,4.111181735992432,136.08546271894375
run_1774487764_1f016bf9,1774488112.1727726,24.0,489.0,13.0,11.488567352294922,0.0,6.424638748168945,-100.0,-47.31573486328125,-70.8092041015625,4.304354667663574,131.98717980821675
run_1774487764_1f016bf9,1774488114.6359334,24.0,489.0,13.0,11.355775833129883,0.0,6.175693511962891,-100.0,-46.9470100402832,-71.00203704833984,4.159615993499756,128.95364477229668
run_1774487764_1f016bf9,1774488117.1011019,24.0,489.0,13.0,11.090322494506836,0.0,5.976613521575928,-100.0,-46.209678649902344,-71.28746795654297,3.990766763687134,122.99525303216433
run_1774487764_1f016bf9,1774488119.5561442,24.0,489.0,13.0,10.957576751708984,0.0,5.727734565734863,-100.0,-45.287906646728516,-71.47405242919922,4.175832271575928,120.06848826959322
run_1774487764_1f016bf9,1774488122.008564,24.0,489.0,13.0,10.780590057373047,0.0,5.628164291381836,-100.0,-44.55049133300781,-71.74960327148438,4.039857387542725,116.2211219851306
run_1774487764_1f016bf9,1774488124.4768946,24.0,489.0,13.0,10.559417724609375,0.0,5.279819488525391,-100.0,-43.628963470458984,-71.93028259277344,4.232509136199951,111.50130268279463
run_1774487764_1f016bf9,1774488126.935897,24.0,489.0,13.0,10.382472038269043,0.0,5.180280685424805,-100.0,-43.26029968261719,-72.19628143310547,4.097736835479736,107.79572562543854
run_1774487764_1f016bf9,1774488129.3779223,24.0,489.0,13.0,10.205520629882812,0.0,4.981210231781006,-100.0,-42.52300262451172,-72.37090301513672,3.934796094894409,104.15265132696368
run_1774487764_1f016bf9,1774488131.8353229,24.0,489.0,13.0,10.028596878051758,0.0,4.782171249389648,-100.0,-41.78582000732422,-72.6285400390625,4.058804988861084,100.57275534246946
run_1774487764_1f016bf9,1774488134.294998,24.0,489.0,13.0,9.940144538879395,0.0,4.6826629638671875,-100.0,-41.048736572265625,-72.79754638671875,3.906430959701538,98.80647345381385
run_1774487764_1f016bf9,1774488136.7845755,24.0,489.0,13.0,9.719036102294922,0.0,4.334384441375732,-100.0,-40.127349853515625,-72.96385192871094,3.9107024669647217,94.45966275771207
run_1774487764_1f016bf9,1774488139.2318418,24.0,489.0,13.0,9.54212474822998,0.0,4.234890460968018,-100.0,-39.39031219482422,-73.20868682861328,3.9981164932250977,91.05214471078307
run_1774487764_1f016bf9,1774488141.6876266,24.0,489.0,13.0,9.365240097045898,0.0,4.035895347595215,-100.0,-39.02183532714844,-73.36894989013672,3.8913257122039795,87.70772207531627
run_1774487764_1f016bf9,1774488144.143425,24.0,489.0,13.0,9.188379287719727,0.0,3.8369274139404297,-100.0,-37.91635513305664,-73.60543823242188,3.985212802886963,84.42631393499687
run_1774487764_1f016bf9,1774488146.5901906,24.0,489.0,13.0,9.09992504119873,0.0,3.588210344314575,-100.0,-37.36374282836914,-73.75996398925781,3.957132339477539,82.80863575543572
run_1774487764_1f016bf9,1774488149.0371854,24.0,489.0,13.0,8.790448188781738,0.0,3.389254093170166,-100.0,-36.626869201660156,-73.98663330078125,3.8469088077545166,77.27197935965614
run_1774487764_1f016bf9,1774488151.481272,24.0,489.0,13.0,8.702033996582031,0.0,3.190326690673828,-100.0,-35.890098571777344,-74.13508605957031,3.940237283706665,75.72539567766944
run_1774487764_1f016bf9,1774488153.9366398,24.0,489.0,13.0,8.48099136352539,0.0,3.0411148071289062,-100.0,-35.337467193603516,-74.35247039794922,3.949746608734131,71.92721450819226
run_1774487764_1f016bf9,1774488156.3942494,24.0,489.0,13.0,8.304170608520508,0.0,2.842191696166992,-100.0,-34.23225784301758,-74.49443054199219,4.037952423095703,68.95924949541586
run_1774487764_1f016bf9,1774488158.8531835,24.0,489.0,13.0,8.127345085144043,0.0,2.6432628631591797,-100.0,-33.86393737792969,-74.70305633544922,3.9343085289001465,66.05373813301503
run_1774487764_1f016bf9,1774488161.301955,24.0,489.0,13.0,8.038980484008789,0.0,2.543853282928467,-100.0,-33.1273307800293,-74.83952331542969,3.791395664215088,64.62520722227418
run_1774487764_1f016bf9,1774488163.749578,24.0,489.0,13.0,7.817986488342285,0.0,2.195753335952759,-100.0,-32.20649337768555,-74.97313690185547,3.8059241771698,61.120912731902536
run_1774487764_1f016bf9,1774488166.2049353,24.0,489.0,13.0,7.641176700592041,0.0,2.0963239669799805,-100.0,-31.469995498657227,-75.16905212402344,3.8984038829803467,58.38758136967067
run_1774487764_1f016bf9,1774488168.7134597,24.0,489.0,13.0,7.464449882507324,0.0,1.8975062370300293,-100.0,-31.101877212524414,-75.29679107666016,3.9168543815612793,55.718012048463606
run_1774487764_1f016bf9,1774488171.1629303,24.0,489.0,13.0,7.243470191955566,0.0,1.6489039659500122,-100.0,-29.8128719329834,-75.48314666748047,4.003393173217773,52.46786042174881
run_1774487764_1f016bf9,1774488173.6143348,24.0,489.0,13.0,7.155088901519775,0.0,1.4500659704208374,-100.0,-29.44468879699707,-75.60456085205078,3.8998942375183105,51.195297188651466
run_1774487764_1f016bf9,1774488176.0632653,24.0,489.0,13.0,6.89003324508667,0.0,1.251287579536438,-100.0,-28.708473205566406,-75.78236389160156,3.7531466484069824,47.47255811839955
run_1774487764_1f016bf9,1774488178.5153596,24.0,489.0,13.0,6.801617622375488,0.0,1.0524399280548096,-100.0,-27.972000122070312,-75.89810943603516,3.850639581680298,46.26200228100879
run_1774487764_1f016bf9,1774488180.9596407,24.0,489.0,13.0,6.624929904937744,0.0,0.9530463218688965,-99.90678405761719,-27.6038761138916,-76.06744384765625,3.7595131397247314,43.88969624533843
run_1774487764_1f016bf9,1774488183.4024794,24.0,489.0,13.0,6.448222637176514,0.0,0.7542498707771301,-98.81591796875,-26.49937629699707,-76.17748260498047,3.8609390258789062,41.57957517859563
run_1774487764_1f016bf9,1774488185.8594093,24.0,489.0,13.0,6.271509647369385,0.0,0.5554481148719788,-98.69181823730469,-26.131290435791016,-76.33842468261719,3.777205467224121,39.331833257047265
run_1774487764_1f016bf9,1774488188.3145618,24.0,489.0,13.0,5.962317943572998,0.0,0.2076079398393631,-97.73917388916016,-24.842992782592773,-76.59722900390625,3.47179913520813,35.549235260252544
run_1774487764_1f016bf9,1774488193.5662675,24.0,489.0,13.0,5.873990535736084,0.0,0.00885683298110962,-97.21239471435547,-24.106876373291016,-76.69689178466797,3.591373920440674,34.50376481391709
run_1774487764_1f016bf9,1774488195.9991403,24.0,489.0,13.0,5.697328090667725,0.0,-0.09050619602203369,-97.06138610839844,-23.738866806030273,-76.8421859741211,3.5318548679351807,32.45954737271154
run_1774487764_1f016bf9,1774488198.4465747,24.0,489.0,13.0,5.520689487457275,0.0,-0.3886098265647888,-95.92066955566406,-22.634777069091797,-76.93611907958984,3.650224208831787,30.478012416921274
run_1774487764_1f016bf9,1774488200.898646,24.0,489.0,13.0,5.3440351486206055,0.0,-0.4879609942436218,-95.76305389404297,-22.266813278198242,-77.07304382324219,3.5911858081817627,28.558711669692457
run_1774487764_1f016bf9,1774488203.3877516,24.0,489.0,13.0,5.1674323081970215,0.0,-0.6866382360458374,-95.22087860107422,-21.530967712402344,-77.1614990234375,3.4715819358825684,26.702356659798397
run_1774487764_1f016bf9,1774488205.8380318,24.0,489.0,13.0,5.03494119644165,0.0,-0.8356907963752747,-94.75171661376953,-20.97892189025879,-77.29039764404297,3.539577007293701,25.350632851625278
run_1774487764_1f016bf9,1774488208.288308,24.0,489.0,13.0,4.94664192199707,0.0,-0.9350281953811646,-94.18536376953125,-20.2430419921875,-77.37403869628906,3.431716203689575,24.46926630445887
run_1774487764_1f016bf9,1774488210.748971,24.0,489.0,13.0,4.770035266876221,0.0,-1.2330224514007568,-93.4030990600586,-19.50732421875,-77.4551773071289,3.385388135910034,22.753236447242898
run_1774487764_1f016bf9,1774488213.1904123,24.0,489.0,13.0,4.593454360961914,0.0,-1.3323642015457153,-93.22404479980469,-18.95530891418457,-77.57315826416016,3.3970892429351807,21.099822966240026
run_1774487764_1f016bf9,1774488215.6397057,24.0,489.0,13.0,4.461002826690674,0.0,-1.4813719987869263,-92.93694305419922,-18.58751106262207,-77.64985656738281,3.368765115737915,19.900546219742182
run_1774487764_1f016bf9,1774488218.0850735,24.0,489.0,13.0,4.284426689147949,0.0,-1.6800205707550049,-92.13956451416016,-17.48395538330078,-77.76029968261719,3.50720477104187,18.356312054683258
run_1774487764_1f016bf9,1774488220.5402555,24.0,489.0,13.0,4.1961493492126465,0.0,-1.828996181488037,-91.84400177001953,-17.300016403198242,-77.83150482177734,3.287515878677368,17.607669360897717
run_1774487764_1f016bf9,1774488222.9905646,24.0,489.0,13.0,3.975431442260742,0.0,-2.027639389038086,-91.03150177001953,-16.56429672241211,-77.93477630615234,3.2658398151397705,15.804055152115325
run_1774487764_1f016bf9,1774488225.4496853,24.0,489.0,13.0,3.8871779441833496,0.0,-2.176582098007202,-90.72478485107422,-16.012659072875977,-78.00083923339844,3.288714647293091,15.110152369745492
run_1774487764_1f016bf9,1774488227.905225,24.0,489.0,13.0,3.7547738552093506,0.0,-2.275879144668579,-90.50801849365234,-15.644891738891602,-78.09680938720703,3.2754883766174316,14.09832670376369
run_1774487764_1f016bf9,1774488230.356777,24.0,489.0,13.0,3.5782253742218018,0.0,-2.474496603012085,-89.27690887451172,-14.54160213470459,-78.1579818725586,3.422672748565674,12.803696828724753
run_1774487764_1f016bf9,1774488232.8046603,24.0,489.0,13.0,3.4899845123291016,0.0,-2.673086166381836,-89.06463623046875,-14.173754692077637,-78.2454833984375,3.2792303562164307,12.179991896296997
run_1774487764_1f016bf9,1774488235.2590506,24.0,489.0,13.0,3.2693350315093994,0.0,-2.821998357772827,-88.73033142089844,-13.622230529785156,-78.30184936523438,3.1937472820281982,10.688551548254566
run_1774487764_1f016bf9,1774488237.7129805,24.0,489.0,13.0,3.181072950363159,0.0,-3.0205681324005127,-87.9029769897461,-12.886786460876465,-78.35562133789062,3.415191173553467,10.119225115532174
run_1774487764_1f016bf9,1774488240.160938,24.0,489.0,13.0,3.0045735836029053,0.0,-3.119854688644409,-87.67835998535156,-12.15145492553711,-78.43245697021484,3.318967580795288,9.027462419284404
run_1774487764_1f016bf9,1774488242.6193893,24.0,489.0,13.0,2.8722095489501953,0.0,-3.368060350418091,-86.72742462158203,-11.599776268005371,-78.48162841796875,3.190009593963623,8.249587693080684
run_1774487764_1f016bf9,1774488245.0815272,24.0,489.0,13.0,2.6957290172576904,0.0,-3.4673049449920654,-86.49699401855469,-10.864582061767578,-78.55110931396484,3.3405959606170654,7.266954934485113
run_1774487764_1f016bf9,1774488247.524656,24.0,489.0,13.0,2.5633790493011475,0.0,-3.616198778152466,-86.14026641845703,-10.680746078491211,-78.5951156616211,3.135589599609375,6.570912150396055
run_1774487764_1f016bf9,1774488249.9786408,24.0,489.0,13.0,2.386930227279663,0.0,-3.8147032260894775,-85.29132843017578,-9.94554328918457,-78.65744018554688,3.2498977184295654,5.697435909901344
run_1774487764_1f016bf9,1774488252.4262633,24.0,489.0,13.0,2.3428285121917725,0.0,-3.9636125564575195,-84.9211654663086,-9.394025802612305,-78.6966781616211,3.1695399284362793,5.488845437538714
run_1774487764_1f016bf9,1774488254.871573,24.0,489.0,13.0,2.0781373977661133,0.0,-4.162095546722412,-84.06188201904297,-8.658905982971191,-78.75176239013672,3.1682238578796387,4.318655043994113
run_1774487764_1f016bf9,1774488257.3457718,24.0,489.0,13.0,1.9899277687072754,0.0,-4.261331081390381,-83.69066619873047,-8.107623100280762,-78.78558349609375,3.202540397644043,3.9598125246723157
run_1774487764_1f016bf9,1774488259.8076324,24.0,489.0,13.0,1.8575944900512695,0.0,-4.410206317901611,-83.43357849121094,-7.7399773597717285,-78.83309936523438,3.201085329055786,3.450657289468836
run_1774487764_1f016bf9,1774488262.264975,24.0,489.0,13.0,1.7252821922302246,0.0,-4.559057712554932,-82.43669891357422,-6.821118354797363,-78.86271667480469,3.2471354007720947,2.9765986428267297
run_1774487764_1f016bf9,1774488264.715138,24.0,489.0,13.0,1.637068271636963,0.0,-4.757504463195801,-82.17676544189453,-6.453686714172363,-78.8899154663086,3.2484848499298096,2.679992526000433
run_1774487764_1f016bf9,1774488267.1944382,24.0,489.0,13.0,1.4165730476379395,0.0,-4.906355381011963,-81.6085205078125,-5.902388095855713,-78.9273910522461,3.052258014678955,2.00667919929424
run_1774487764_1f016bf9,1774488269.6403437,24.0,489.0,13.0,1.4165730476379395,0.0,-5.055183410644531,-81.18660736083984,-5.351171970367432,-78.95124816894531,3.202327013015747,2.00667919929424
run_1774487764_1f016bf9,1774488272.0952325,24.0,489.0,13.0,1.1960945129394531,0.0,-5.154393672943115,-80.91029357910156,-4.616236686706543,-78.98213958740234,3.130985736846924,1.4306420838838676
run_1774487764_1f016bf9,1774488274.5508544,24.0,489.0,13.0,1.0197148323059082,0.0,-5.4024457931518555,-79.88835144042969,-4.065017223358154,-79.0,3.1766738891601562,1.0398183392246665
run_1774487764_1f016bf9,1774488277.0045264,24.0,489.0,13.0,0.9315223693847656,0.0,-5.452037334442139,-79.90706634521484,-3.881343364715576,-79.02410888671875,3.0808849334716797,0.8677339246642077
run_1774487764_1f016bf9,1774488279.4509904,24.0,489.0,13.0,0.7551732063293457,0.0,-5.650430202484131,-79.17010498046875,-3.146555185317993,-79.03768157958984,3.0141286849975586,0.5702865715577445
run_1774487764_1f016bf9,1774488281.903687,24.0,489.0,13.0,0.6229124069213867,0.0,-5.79922342300415,-78.57730102539062,-2.595468521118164,-79.05451202392578,3.156303644180298,0.3880198666965953
run_1774487764_1f016bf9,1774488284.3612483,24.0,489.0,13.0,0.5347304344177246,0.0,-5.898428440093994,-77.83454895019531,-1.8606364727020264,-79.0632095336914,3.089299440383911,0.2859366374925685
run_1774487764_1f016bf9,1774488286.825766,24.0,489.0,13.0,0.4024643898010254,0.0,-6.14639139175415,-77.23418426513672,-1.3096611499786377,-79.07298278808594,2.9919793605804443,0.1619775850579117
run_1774487764_1f016bf9,1774488289.2886512,24.0,489.0,13.0,0.2702336311340332,0.0,-6.195987224578857,-76.78197479248047,-0.7586559057235718,-79.07757568359375,3.0542564392089844,0.07302621539588472
run_1774487764_1f016bf9,1774488291.7413251,24.0,489.0,13.0,0.18207740783691406,0.0,-6.295163154602051,-77.076416015625,-0.7586559057235718,-79.08067321777344,2.9789021015167236,0.033152182444609934
run_1774487764_1f016bf9,1774488294.2008653,24.0,489.0,13.0,0.04982709884643555,0.0,-6.443944454193115,-76.45642852783203,-0.20761291682720184,-79.0824966430664,2.694746732711792,0.0024827397794524586
run_1774487764_1f016bf9,1774488296.6452434,24.0,489.0,13.0,-0.08241701126098633,0.0,-6.691883087158203,-75.36502075195312,0.7106781005859375,-79.07794189453125,2.973651885986328,0.006792563745193547
run_1774487764_1f016bf9,1774488299.1009154,24.0,489.0,13.0,-0.21464109420776367,0.0,-6.741471290588379,-75.34516143798828,1.2615323066711426,-79.06069946289062,2.9216020107269287,0.04607079932270608
run_1774487764_1f016bf9,1774488301.550587,24.0,489.0,13.0,-0.3468303680419922,0.0,-6.989370346069336,-74.23977661132812,1.8124818801879883,-79.0428237915039,2.9905600547790527,0.12029130419614376
run_1774487764_1f016bf9,1774488303.9972854,24.0,489.0,13.0,-0.5231304168701172,0.0,-7.088521957397461,-73.90231323242188,2.1797101497650146,-79.00499725341797,2.9103307723999023,0.2736654330547026
run_1774487764_1f016bf9,1774488306.453371,24.0,489.0,13.0,-0.6553487777709961,0.0,-7.23726749420166,-73.38495635986328,2.7306199073791504,-78.97308349609375,2.857503652572632,0.4294820205259384
run_1774487764_1f016bf9,1774488308.9036887,24.0,489.0,13.0,-0.7434768676757812,0.0,-7.336411476135254,-73.03269958496094,3.097820281982422,-78.9163818359375,2.7862296104431152,0.5527578527689911
run_1774487764_1f016bf9,1774488311.372126,24.0,489.0,13.0,-0.7875461578369141,0.0,-7.385989189147949,-72.17359924316406,3.832247018814087,-78.87371063232422,2.867868185043335,0.6202289507236856
run_1774487764_1f016bf9,1774488313.828362,24.0,489.0,13.0,-1.0078577995300293,0.0,-7.683398723602295,-71.5050277709961,4.38295841217041,-78.79594421386719,2.7914159297943115,1.0157773440735127
run_1774487764_1f016bf9,1774488316.2895312,24.0,489.0,13.0,-1.09598970413208,0.0,-7.732988357543945,-71.23716735839844,4.750170707702637,-78.7396011352539,2.7522635459899902,1.2011934315635244
run_1774487764_1f016bf9,1774488318.7449043,24.0,489.0,13.0,-1.22816801071167,0.0,-7.881689071655273,-70.84651947021484,5.117366790771484,-78.67835998535156,2.8133628368377686,1.5083966625354606
run_1774487764_1f016bf9,1774488321.200694,24.0,489.0,13.0,-1.40440034866333,0.0,-8.079950332641602,-69.84918975830078,5.851668357849121,-78.57461547851562,2.7674479484558105,1.972340339325683
run_1774487764_1f016bf9,1774488323.6542177,24.0,489.0,13.0,-1.4484591484069824,0.0,-8.228618621826172,-69.2527084350586,6.402289867401123,-78.49899291992188,2.821913242340088,2.0980339046038807
run_1774487764_1f016bf9,1774488326.120501,24.0,489.0,13.0,-1.5806069374084473,0.0,-8.278182983398438,-69.14881134033203,6.769381523132324,-78.37718200683594,2.667330503463745,2.498318290583711
run_1774487764_1f016bf9,1774488328.5811927,24.0,489.0,13.0,-1.712778091430664,0.0,-8.426875114440918,-68.5204849243164,7.136575698852539,-78.29024505615234,2.6331772804260254,2.9336087904848682
run_1774487764_1f016bf9,1774488331.027142,24.0,489.0,13.0,-1.800889015197754,0.0,-8.526000022888184,-68.08562469482422,7.50370454788208,-78.15292358398438,2.7151038646698,3.243201245059936
run_1774487764_1f016bf9,1774488333.4758751,24.0,489.0,13.0,-1.8889813423156738,0.0,-8.625103950500488,-67.72937774658203,7.870756149291992,-78.05624389648438,2.456111431121826,3.568250511616725
run_1774487764_1f016bf9,1774488335.9267287,24.0,489.0,13.0,-2.0211234092712402,0.0,-8.773763656616211,-66.9829330444336,8.421347618103027,-77.90027618408203,2.658013105392456,4.084939835504201
run_1774487764_1f016bf9,1774488338.3829422,24.0,489.0,13.0,-2.1091952323913574,0.0,-8.872844696044922,-66.00126647949219,9.15539264678955,-77.79035186767578,2.6336896419525146,4.448704528342432
run_1774487764_1f016bf9,1774488340.8394961,24.0,489.0,13.0,-2.2853894233703613,0.0,-9.12061595916748,-65.24794006347656,9.705984115600586,-77.6139144897461,2.586632013320923,5.223004816453113
run_1774487764_1f016bf9,1774488343.3178358,24.0,489.0,13.0,-2.417513847351074,0.0,-9.21970272064209,-64.55950927734375,10.256491661071777,-77.48960876464844,2.6736092567443848,5.844373202134193
run_1774487764_1f016bf9,1774488345.7638097,24.0,489.0,13.0,-2.4615578651428223,0.0,-9.26925277709961,-64.68853759765625,10.256491661071777,-77.36360168457031,2.6440799236297607,6.059267123446489
run_1774487764_1f016bf9,1774488348.2108004,24.0,489.0,13.0,-2.637701988220215,0.0,-9.467414855957031,-63.60952377319336,11.357490539550781,-77.16276550292969,2.7405078411102295,6.957471778660874
run_1774487764_1f016bf9,1774488350.664092,24.0,489.0,13.0,-2.725797653198242,0.0,-9.616036415100098,-62.887786865234375,11.540876388549805,-77.02227020263672,2.5826220512390137,7.429972846181045
run_1774487764_1f016bf9,1774488353.129755,24.0,489.0,13.0,-2.8579015731811523,0.0,-9.715139389038086,-62.394981384277344,11.907922744750977,-76.80535888671875,2.449666976928711,8.167601401991305
run_1774487764_1f016bf9,1774488355.5766237,24.0,489.0,13.0,-2.9459638595581055,0.0,-9.863734245300293,-61.64610290527344,12.458274841308594,-76.65399169921875,2.5496137142181396,8.678703061822489
run_1774487764_1f016bf9,1774488358.0368543,24.0,489.0,13.0,-2.989985942840576,0.0,-9.863734245300293,-61.736244201660156,12.825239181518555,-76.42240905761719,2.4227988719940186,8.94001593838425
run_1774487764_1f016bf9,1774488360.486703,24.0,489.0,13.0,-3.166125774383545,0.0,-10.111413955688477,-60.35431671142578,13.375608444213867,-76.26097106933594,2.531046152114868,10.024352419215802
run_1774487764_1f016bf9,1774488362.957104,24.0,489.0,13.0,-3.2982101440429688,0.0,-10.21048641204834,-59.833377838134766,13.742542266845703,-76.00946807861328,2.511245012283325,10.87819015426794
run_1774487764_1f016bf9,1774488365.4089844,24.0,489.0,13.0,-3.3862719535827637,0.0,-10.309556007385254,-59.342498779296875,14.109466552734375,-75.837158203125,2.385190963745117,11.466837743621227
run_1774487764_1f016bf9,1774488367.9016309,24.0,489.0,13.0,-3.518331527709961,0.0,-10.458123207092285,-58.50783157348633,14.659714698791504,-75.56854248046875,2.607916831970215,12.378656738877908
run_1774487764_1f016bf9,1774488370.358177,24.0,489.0,13.0,-3.6063876152038574,0.0,-10.557186126708984,-57.69922637939453,15.210061073303223,-75.38298797607422,2.4737021923065186,13.006031631095766
run_1774487764_1f016bf9,1774488372.800573,24.0,489.0,13.0,-3.694425582885742,0.0,-10.705758094787598,-57.15028762817383,15.576881408691406,-75.19415283203125,2.346374034881592,13.648780387480656
run_1774487764_1f016bf9,1774488375.256054,24.0,489.0,13.0,-3.826486587524414,0.0,-10.804797172546387,-56.31693649291992,16.127124786376953,-74.90251159667969,2.458451986312866,14.641999604504235
run_1774487764_1f016bf9,1774488377.7032387,24.0,489.0,13.0,-3.914504051208496,0.0,-10.903817176818848,-56.05549621582031,16.310434341430664,-74.70320129394531,2.4521541595458984,15.323341966927728
run_1774487764_1f016bf9,1774488380.1486602,24.0,489.0,13.0,-4.090617656707764,0.0,-11.101944923400879,-54.8853759765625,17.2275333404541,-74.39317321777344,2.561908006668091,16.733152813369315
run_1774487764_1f016bf9,1774488382.5967135,24.0,489.0,13.0,-4.134607791900635,0.0,-11.200955390930176,-54.337547302246094,17.410945892333984,-74.18055725097656,2.4320616722106934,17.094981592845443
run_1774487764_1f016bf9,1774488385.057585,24.0,489.0,13.0,-4.310664653778076,0.0,-11.34949779510498,-53.458778381347656,17.961103439331055,-73.85330963134766,2.419389486312866,18.58182975733166
run_1774487764_1f016bf9,1774488387.5185328,24.0,489.0,13.0,-4.398681640625,0.0,-11.49803352355957,-52.59244918823242,18.5112361907959,-73.62812042236328,2.5244362354278564,19.34840017557144
run_1774487764_1f016bf9,1774488389.968113,24.0,489.0,13.0,-4.530739784240723,0.0,-11.597082138061523,-52.00979232788086,18.878082275390625,-73.2813491821289,2.502204179763794,20.52760299250167
run_1774487764_1f016bf9,1774488392.4245365,24.0,489.0,13.0,-4.61875057220459,0.0,-11.696094512939453,-50.820045471191406,19.611433029174805,-73.04552459716797,2.614041805267334,21.332856848240226
run_1774487764_1f016bf9,1774488394.878549,24.0,489.0,13.0,-4.7067437171936035,0.0,-11.795086860656738,-50.82847595214844,19.611433029174805,-72.68347930908203,2.4850871562957764,22.15343641934146
run_1774487764_1f016bf9,1774488397.323217,24.0,489.0,13.0,-4.8827643394470215,0.0,-11.993109703063965,-49.6160774230957,20.344852447509766,-72.43565368652344,2.474721908569336,23.841387594575508
run_1774487764_1f016bf9,1774488399.7803707,24.0,489.0,13.0,-4.926787376403809,0.0,-12.141633033752441,-48.7044677734375,20.89493751525879,-72.1829605102539,2.5764260292053223,24.273233852291924
run_1774487764_1f016bf9,1774488402.256692,24.0,489.0,13.0,-5.058791160583496,0.0,-12.191140174865723,-48.38663101196289,21.078296661376953,-71.79559326171875,2.330662727355957,25.591368006397715
run_1774487764_1f016bf9,1774488404.7075698,24.0,489.0,13.0,-5.190790176391602,0.0,-12.389141082763672,-47.15644454956055,21.811634063720703,-71.53221893310547,2.438779830932617,26.944302655323554
run_1774487764_1f016bf9,1774488407.1599383,24.0,489.0,13.0,-5.27876615524292,0.0,-12.43861198425293,-46.83264923095703,22.361597061157227,-71.12804412841797,2.5531728267669678,27.86537212173812
run_1774487764_1f016bf9,1774488409.6080604,24.0,489.0,13.0,-5.410768508911133,0.0,-12.587114334106445,-45.884342193603516,22.544870376586914,-70.85214233398438,2.4229300022125244,29.276415857024404
run_1774487764_1f016bf9,1774488412.074809,24.0,489.0,13.0,-5.542749881744385,0.0,-12.735593795776367,-44.944793701171875,23.094791412353516,-70.42970275878906,2.408132553100586,30.72207625157739
run_1774487764_1f016bf9,1774488414.524578,24.0,489.0,13.0,-5.542749881744385,0.0,-12.88408374786377,-43.97084426879883,23.644756317138672,-70.14440155029297,2.5288021564483643,30.72207625157739
run_1774487764_1f016bf9,1774488417.0080042,24.0,489.0,13.0,-5.71873664855957,0.0,-12.933578491210938,-43.62468719482422,23.82806968688965,-69.70620727539062,2.282454490661621,32.703948855578346
run_1774487764_1f016bf9,1774488419.4752855,24.0,489.0,13.0,-5.80672550201416,0.0,-13.131534576416016,-42.325469970703125,24.561237335205078,-69.40946960449219,2.5227649211883545,33.7180610557416
run_1774487764_1f016bf9,1774488421.933464,24.0,489.0,13.0,-5.938675880432129,0.0,-13.181010246276855,-41.96668243408203,24.744483947753906,-68.95407104492188,2.395033836364746,35.26787121282632
run_1774487764_1f016bf9,1774488424.3916535,24.0,489.0,13.0,-6.026643753051758,0.0,-13.279973983764648,-40.95414733886719,25.294309616088867,-68.6463623046875,2.397899627685547,36.32043492619778
run_1774487764_1f016bf9,1774488426.8464508,24.0,489.0,13.0,-6.158597469329834,0.0,-13.428421974182129,-40.27107238769531,25.660823822021484,-68.17731475830078,2.167257308959961,37.928322789235835
run_1774487764_1f016bf9,1774488429.3191736,24.0,489.0,13.0,-6.1146087646484375,0.0,-13.378934860229492,-39.52727508544922,26.027393341064453,-67.86200714111328,2.3073410987854004,37.38844034471549
run_1774487764_1f016bf9,1774488431.7750075,24.0,489.0,13.0,-6.2905755043029785,0.0,-13.576897621154785,-39.13152313232422,26.210731506347656,-67.54058837890625,2.090862274169922,39.57134017533667
run_1774487764_1f016bf9,1774488434.2167199,24.0,489.0,13.0,-6.378532409667969,0.0,-13.675848960876465,-38.4200439453125,26.760438919067383,-67.05329895019531,2.228001832962036,40.685675701184664
run_1774487764_1f016bf9,1774488436.6750562,24.0,489.0,13.0,-6.466487407684326,0.0,-13.774798393249512,-37.651832580566406,26.94369888305664,-66.7231674194336,2.0236194133758545,41.81545939373996
run_1774487764_1f016bf9,1774488439.1492143,24.0,489.0,13.0,-6.5544257164001465,0.0,-13.87372875213623,-36.92287826538086,27.310108184814453,-66.22338104248047,2.0526132583618164,42.96049647180757
run_1774487764_1f016bf9,1774488441.6083665,24.0,489.0,13.0,-6.5544257164001465,0.0,-13.92320728302002,-36.4213752746582,27.49336051940918,-65.88713836669922,1.972400426864624,42.96049647180757
run_1774487764_1f016bf9,1774488444.0499158,24.0,489.0,13.0,-6.774330139160156,0.0,-14.121121406555176,-35.0823860168457,28.226375579833984,-65.37073516845703,2.1260242462158203,45.89154883433366
run_1774487764_1f016bf9,1774488446.4986537,24.0,489.0,13.0,-6.818308353424072,0.0,-14.170597076416016,-34.579383850097656,28.409618377685547,-65.02215576171875,2.033151626586914,46.48932880237248
run_1774487764_1f016bf9,1774488448.9607005,24.0,489.0,13.0,-6.90625,0.0,-14.26953125,-33.83075714111328,28.776042938232422,-64.49275970458984,2.0781760215759277,47.6962890625
run_1774487764_1f016bf9,1774488451.4181132,24.0,489.0,13.0,-6.994189739227295,0.0,-14.368463516235352,-32.70048904418945,29.325687408447266,-64.13501739501953,2.1088449954986572,48.918690108312376
run_1774487764_1f016bf9,1774488453.8747654,24.0,489.0,13.0,-7.082124710083008,0.0,-14.467390060424805,-32.24203109741211,29.508853912353516,-63.592899322509766,1.9242995977401733,50.15649040916833
run_1774487764_1f016bf9,1774488456.3223329,24.0,489.0,13.0,-7.082124710083008,0.0,-14.467390060424805,-31.682344436645508,29.692018508911133,-63.22948455810547,1.8551194667816162,50.15649040916833
run_1774487764_1f016bf9,1774488458.7698655,24.0,489.0,13.0,-7.214046001434326,0.0,-14.615801811218262,-30.904415130615234,30.05852699279785,-62.8609733581543,1.8052353858947754,52.04245971081059
run_1774487764_1f016bf9,1774488461.2272928,24.0,489.0,13.0,-7.345946311950684,0.0,-14.764189720153809,-29.733171463012695,30.608112335205078,-62.30072784423828,1.9594447612762451,53.96292721806185
run_1774487764_1f016bf9,1774488463.6846368,24.0,489.0,13.0,-7.4338860511779785,0.0,-14.86312198638916,-28.952348709106445,30.974525451660156,-61.92143630981445,1.8970496654510498,55.26266182189852
run_1774487764_1f016bf9,1774488466.1325107,24.0,489.0,13.0,-7.477840900421143,0.0,-14.91257095336914,-28.462753295898438,31.34087371826172,-61.348350524902344,1.942677617073059,55.918104532011284
run_1774487764_1f016bf9,1774488468.5886407,24.0,489.0,13.0,-7.521809101104736,0.0,-15.060945510864258,-27.268051147460938,31.70720672607422,-60.96138381958008,1.98612380027771,56.57761215346204
run_1774487764_1f016bf9,1774488471.0457664,24.0,489.0,13.0,-7.741611957550049,0.0,-15.20931339263916,-26.16678237915039,32.256717681884766,-60.3721923828125,2.0418052673339844,59.9325557012819
run_1774487764_1f016bf9,1774488473.5012426,24.0,489.0,13.0,-7.741611957550049,0.0,-15.20931339263916,-25.872304916381836,32.256717681884766,-59.97605895996094,1.847038984298706,59.9325557012819
run_1774487764_1f016bf9,1774488475.9522336,24.0,489.0,13.0,-7.785574913024902,0.0,-15.258771896362305,-25.356483459472656,32.43989562988281,-59.376991271972656,1.9234737157821655,60.615176726322716
run_1774487764_1f016bf9,1774488478.4069302,24.0,489.0,13.0,-7.917450904846191,0.0,-15.407132148742676,-23.832433700561523,33.17255401611328,-58.97157287597656,1.966583490371704,62.686028830649775
run_1774487764_1f016bf9,1774488480.8772671,24.0,489.0,13.0,-7.9614129066467285,0.0,-15.456589698791504,-23.612567901611328,33.17255401611328,-58.35879898071289,1.9230457544326782,63.38409547012111
run_1774487764_1f016bf9,1774488483.3250148,24.0,489.0,13.0,-8.093293190002441,0.0,-15.604954719543457,-22.370698928833008,33.72205352783203,-57.94563293457031,1.852878212928772,65.5013946593399
run_1774487764_1f016bf9,1774488485.7865963,24.0,489.0,13.0,-8.137239456176758,0.0,-15.753297805786133,-21.240360260009766,34.2714729309082,-57.52776336669922,2.0363874435424805,66.21466596715982
run_1774487764_1f016bf9,1774488488.2362568,24.0,489.0,13.0,-8.269097328186035,0.0,-15.802734375,-20.59728240966797,34.45457077026367,-56.89399337768555,1.8421374559402466,68.37797062301343
run_1774487764_1f016bf9,1774488490.6889718,24.0,489.0,13.0,-8.313037872314453,0.0,-15.95105266571045,-19.450443267822266,35.00389862060547,-56.46865463256836,1.915829062461853,69.10659866653441
run_1774487764_1f016bf9,1774488493.1329546,24.0,489.0,13.0,-8.444904327392578,0.0,-16.000516891479492,-18.914100646972656,35.37017822265625,-55.82090759277344,1.9573580026626587,71.31640909881389
run_1774487764_1f016bf9,1774488495.5806785,24.0,489.0,13.0,-8.53281021118164,0.0,-16.099411010742188,-17.94797706604004,35.55337905883789,-55.38526153564453,1.8839054107666016,72.80885010004567
run_1774487764_1f016bf9,1774488498.0455282,24.0,489.0,13.0,-8.576763153076172,0.0,-16.14885902404785,-17.39696502685547,36.102718353271484,-54.72675704956055,1.9623656272888184,73.56086618396512
run_1774487764_1f016bf9,1774488500.4981534,24.0,489.0,13.0,-8.664651870727539,0.0,-16.29717445373535,-16.1069278717041,36.28582763671875,-54.28227615356445,1.889521598815918,75.07619204090224
run_1774487764_1f016bf9,1774488503.0006173,24.0,489.0,13.0,-8.708599090576172,0.0,-16.29717445373535,-15.84144401550293,36.28582763671875,-53.61369323730469,1.6257144212722778,75.83969812038413
run_1774487764_1f016bf9,1774488505.4648478,24.0,489.0,13.0,-8.752538681030273,0.0,-16.396045684814453,-14.818246841430664,36.65202331542969,-53.165138244628906,1.694869041442871,76.60693336293116
run_1774487764_1f016bf9,1774488507.9145904,24.0,489.0,13.0,-8.84041976928711,0.0,-16.445472717285156,-14.232304573059082,36.8350830078125,-52.48653793334961,1.6801886558532715,78.15302169720235
run_1774487764_1f016bf9,1774488510.3923159,24.0,489.0,13.0,-8.928298950195312,0.0,-16.544336318969727,-12.894813537597656,37.384422302246094,-52.03028869628906,1.751051425933838,79.71452214405872
run_1774487764_1f016bf9,1774488512.8721845,24.0,489.0,13.0,-9.060152053833008,0.0,-16.692670822143555,-12.005775451660156,37.750633239746094,-51.33696746826172,1.8418729305267334,82.08635523857447
run_1774487764_1f016bf9,1774488515.314652,24.0,489.0,13.0,-9.148025512695312,0.0,-16.791528701782227,-10.973711013793945,38.11677551269531,-50.86985397338867,1.7793675661087036,83.68637078092434
run_1774487764_1f016bf9,1774488517.7729592,24.0,489.0,13.0,-9.148025512695312,0.0,-16.890384674072266,-10.072887420654297,38.48290252685547,-50.401039123535156,1.8740378618240356,83.68637078092434
run_1774487764_1f016bf9,1774488520.2241213,24.0,489.0,13.0,-9.279837608337402,0.0,-16.939817428588867,-9.478718757629395,38.665992736816406,-49.68966293334961,1.6952743530273438,86.11538603711324
run_1774487764_1f016bf9,1774488522.68039,24.0,489.0,13.0,-9.323766708374023,0.0,-17.03866958618164,-8.41648006439209,39.03211212158203,-49.21318435668945,1.6783244609832764,86.93262563218377
run_1774487764_1f016bf9,1774488525.1329,24.0,489.0,13.0,-9.455585479736328,0.0,-17.13753318786621,-7.508578300476074,39.21512222290039,-48.490169525146484,1.6178423166275024,89.40809676460049
run_1774487764_1f016bf9,1774488527.588209,24.0,489.0,13.0,-9.499521255493164,0.0,-17.186962127685547,-6.734786033630371,39.58134078979492,-48.006046295166016,1.689919114112854,90.24090408356642
run_1774487764_1f016bf9,1774488530.0436888,24.0,489.0,13.0,-9.631319046020508,0.0,-17.335233688354492,-5.520828723907471,40.31350326538086,-47.26872634887695,1.8917771577835083,92.76230656623738
run_1774487764_1f016bf9,1774488532.5084908,24.0,489.0,13.0,-9.675240516662598,0.0,-17.335233688354492,-5.04707145690918,40.130496978759766,-46.77461242675781,1.597043514251709,93.61027905526953
run_1774487764_1f016bf9,1774488534.9618106,24.0,489.0,13.0,-9.763097763061523,0.0,-17.483484268188477,-3.805811643600464,40.67957305908203,-46.030242919921875,1.7069181203842163,95.31807793109692
run_1774487764_1f016bf9,1774488537.4200015,24.0,489.0,13.0,-9.763097763061523,0.0,-17.483484268188477,-3.005772352218628,40.86262893676758,-45.530296325683594,1.6618940830230713,95.31807793109692
run_1774487764_1f016bf9,1774488539.865989,24.0,489.0,13.0,-9.850961685180664,0.0,-17.582332611083984,-2.364974021911621,41.04567337036133,-44.77399444580078,1.7707440853118896,97.04144612289747
run_1774487764_1f016bf9,1774488542.3232932,24.0,489.0,13.0,-9.938827514648438,0.0,-17.681180953979492,-0.9497309327125549,41.59476852416992,-44.26527404785156,1.72077476978302,98.78029236593284
run_1774487764_1f016bf9,1774488544.7733014,24.0,489.0,13.0,-9.982744216918945,0.0,-17.730587005615234,-0.6030032634735107,41.59476852416992,-43.75440216064453,1.598318099975586,99.65518210042865
run_1774487764_1f016bf9,1774488547.2259483,24.0,489.0,13.0,-10.070602416992188,0.0,-17.82942771911621,0.35804808139801025,41.960845947265625,-42.98424530029297,1.5590108633041382,101.41703304112889
run_1774487764_1f016bf9,1774488549.6938915,24.0,489.0,13.0,-10.158462524414062,0.0,-17.92827033996582,1.493563175201416,42.326927185058594,-42.46548843383789,1.5523316860198975,103.19436085992493
run_1774487764_1f016bf9,1774488552.1444101,24.0,489.0,13.0,-10.158462524414062,0.0,-17.92827033996582,1.8577473163604736,42.6928596496582,-41.684566497802734,1.6373900175094604,103.19436085992493
run_1774487764_1f016bf9,1774488554.6013052,24.0,489.0,13.0,-10.290213584899902,0.0,-18.02707290649414,3.0082523822784424,42.6928596496582,-41.15886306762695,1.4742552042007446,105.8884956228585
run_1774487764_1f016bf9,1774488557.0525255,24.0,489.0,13.0,-10.33414077758789,0.0,-18.12590789794922,3.992372751235962,43.058921813964844,-40.368953704833984,1.4902393817901611,106.79446561100485
run_1774487764_1f016bf9,1774488559.515261,24.0,489.0,13.0,-10.33414077758789,0.0,-18.12590789794922,4.566925048828125,43.058921813964844,-39.84008026123047,1.3480864763259888,106.79446561100485
run_1774487764_1f016bf9,1774488561.9628203,24.0,489.0,13.0,-10.465900421142578,0.0,-18.274137496948242,5.864951133728027,43.6079216003418,-39.041072845458984,1.4893498420715332,109.5350716252724
run_1774487764_1f016bf9,1774488564.4107106,24.0,489.0,13.0,-10.465900421142578,0.0,-18.274137496948242,6.449737548828125,43.6079216003418,-38.50546646118164,1.347281575202942,109.5350716252724
run_1774487764_1f016bf9,1774488566.8541446,24.0,489.0,13.0,-10.509824752807617,0.0,-18.32355308532715,7.1533331871032715,43.79093551635742,-37.69867706298828,1.3811124563217163,110.45641633472769
run_1774487764_1f016bf9,1774488569.3042521,24.0,489.0,13.0,-10.553731918334961,0.0,-18.372947692871094,8.36577320098877,44.15689468383789,-37.158260345458984,1.3671388626098633,111.38125740408213
run_1774487764_1f016bf9,1774488571.7533898,24.0,489.0,13.0,-10.597654342651367,0.0,-18.471771240234375,9.076926231384277,44.33989715576172,-36.6151237487793,1.2860490083694458,112.31027756631738
run_1774487764_1f016bf9,1774488574.2121537,24.0,489.0,13.0,-10.685480117797852,0.0,-18.52116584777832,9.793545722961426,44.52283477783203,-35.79677963256836,1.2753419876098633,114.17948534785319
run_1774487764_1f016bf9,1774488576.6731107,24.0,489.0,13.0,-10.64157485961914,0.0,-18.52116584777832,10.432035446166992,44.52283477783203,-35.25128936767578,1.2215557098388672,113.24311549287813
run_1774487764_1f016bf9,1774488579.126857,24.0,489.0,13.0,-10.729413986206055,0.0,-18.57059097290039,11.164721488952637,44.52283477783203,-34.429256439208984,0.9895700812339783,115.1203244873941
run_1774487764_1f016bf9,1774488581.5691774,24.0,489.0,13.0,-10.685480117797852,0.0,-18.57059097290039,11.836762428283691,44.70589065551758,-33.88210678100586,1.012976050376892,114.17948534785319
run_1774487764_1f016bf9,1774488584.0154912,24.0,489.0,13.0,-10.685480117797852,0.0,-18.52116584777832,11.989900588989258,44.52283477783203,-33.05928039550781,0.9949470162391663,114.17948534785319
run_1774487764_1f016bf9,1774488586.4789855,24.0,489.0,13.0,-10.729413986206055,0.0,-18.57059097290039,12.984514236450195,44.70589065551758,-32.5094108581543,0.7880322933197021,115.1203244873941
run_1774487764_1f016bf9,1774488588.927034,24.0,489.0,13.0,-10.773334503173828,0.0,-18.6200008392334,13.753133773803711,44.88889694213867,-31.682735443115234,0.782427191734314,116.06473631727567
run_1774487764_1f016bf9,1774488591.3968759,24.0,489.0,13.0,-10.729413986206055,0.0,-18.57059097290039,14.470674514770508,44.88889694213867,-31.13275146484375,0.7145302295684814,115.1203244873941
run_1774487764_1f016bf9,1774488593.8579214,24.0,489.0,13.0,-10.729413986206055,0.0,-18.57059097290039,14.658266067504883,44.70589065551758,-30.30754852294922,0.6235775351524353,115.1203244873941
run_1774487764_1f016bf9,1774488596.3147058,24.0,489.0,13.0,-10.729413986206055,0.0,-18.57059097290039,15.402070999145508,44.70589065551758,-29.75813102722168,0.45431098341941833,115.1203244873941
run_1774487764_1f016bf9,1774488598.7667599,24.0,489.0,13.0,-10.729413986206055,0.0,-18.52116584777832,15.60942554473877,44.52283477783203,-29.210073471069336,0.39762240648269653,115.1203244873941
run_1774487764_1f016bf9,1774488601.220585,24.0,489.0,13.0,-10.685480117797852,0.0,-18.52116584777832,16.12248992919922,44.52283477783203,-28.38849449157715,0.24876971542835236,114.17948534785319
run_1774487764_1f016bf9,1774488603.6637216,24.0,489.0,13.0,-10.685480117797852,0.0,-18.471771240234375,16.60709571838379,44.33989715576172,-27.842453002929688,0.10429184138774872,114.17948534785319
run_1774487764_1f016bf9,1774488606.1272638,24.0,489.0,13.0,-10.64157485961914,0.0,-18.471771240234375,17.14124298095703,44.33989715576172,-27.025541305541992,0.09434350579977036,113.24311549287813
run_1774487764_1f016bf9,1774488608.585053,24.0,489.0,13.0,-10.64157485961914,0.0,-18.471771240234375,17.944305419921875,44.33989715576172,-26.480934143066406,0.08534412086009979,113.24311549287813
run_1774487764_1f016bf9,1774488611.036166,24.0,489.0,13.0,-10.553731918334961,0.0,-18.372947692871094,17.884166717529297,43.97388458251953,-25.668325424194336,-0.14395354688167572,111.38125740408213
run_1774487764_1f016bf9,1774488613.4993055,24.0,489.0,13.0,-10.597654342651367,0.0,-18.422361373901367,19.011016845703125,44.15689468383789,-25.126548767089844,-0.019327107816934586,112.31027756631738
run_1774487764_1f016bf9,1774488615.9670978,24.0,489.0,13.0,-10.509824752807617,0.0,-18.32355308532715,18.96762466430664,43.79093551635742,-24.319557189941406,-0.22335177659988403,110.45641633472769
run_1774487764_1f016bf9,1774488618.4155676,24.0,489.0,13.0,-10.509824752807617,0.0,-18.32355308532715,19.210628509521484,43.42495346069336,-23.78373908996582,-0.4305853545665741,110.45641633472769
run_1774487764_1f016bf9,1774488620.8620517,24.0,489.0,13.0,-10.465900421142578,0.0,-18.175325393676758,19.47562026977539,43.241947174072266,-22.983142852783203,-0.4923245906829834,109.5350716252724
run_1774487764_1f016bf9,1774488623.3109877,24.0,489.0,13.0,-10.421988487243652,0.0,-18.2247371673584,20.33915138244629,43.241947174072266,-22.450695037841797,-0.4521004855632782,108.61784402823923
run_1774487764_1f016bf9,1774488625.7921576,24.0,489.0,13.0,-10.33414077758789,0.0,-18.12590789794922,20.615978240966797,43.058921813964844,-21.92081642150879,-0.7251849174499512,106.79446561100485
run_1774487764_1f016bf9,1774488628.2515023,24.0,489.0,13.0,-10.246286392211914,0.0,-18.02707290649414,20.60081672668457,42.5098991394043,-21.13414764404297,-0.7749354243278503,104.98638483122704
run_1774487764_1f016bf9,1774488630.703137,24.0,489.0,13.0,-10.202375411987305,0.0,-17.977672576904297,21.19684410095215,42.5098991394043,-20.61203956604004,-0.782149076461792,104.08846404712313
run_1774487764_1f016bf9,1774488633.152297,24.0,489.0,13.0,-10.070602416992188,0.0,-17.82942771911621,20.886920928955078,41.960845947265625,-19.83437156677246,-0.9338610768318176,101.41703304112889
run_1774487764_1f016bf9,1774488635.5994635,24.0,489.0,13.0,-10.026674270629883,0.0,-17.78000831604004,21.503198623657227,41.777809143066406,-19.321125030517578,-0.9068723917007446,100.53419692931129
run_1774487764_1f016bf9,1774488638.0624242,24.0,489.0,13.0,-10.026674270629883,0.0,-17.78000831604004,22.10728645324707,41.59476852416992,-18.552438735961914,-0.9346669316291809,100.53419692931129
run_1774487764_1f016bf9,1774488640.515163,24.0,489.0,13.0,-9.938827514648438,0.0,-17.631757736206055,22.110885620117188,41.22873306274414,-18.043581008911133,-1.0742661952972412,98.78029236593284
run_1774487764_1f016bf9,1774488642.9591174,24.0,489.0,13.0,-9.80703067779541,0.0,-17.532909393310547,22.122987747192383,40.86262893676758,-17.288299560546875,-1.1417183876037598,96.1778507152203
run_1774487764_1f016bf9,1774488645.420859,24.0,489.0,13.0,-9.763097763061523,0.0,-17.483484268188477,22.745939254760742,40.67957305908203,-16.787656784057617,-1.1459782123565674,95.31807793109692
run_1774487764_1f016bf9,1774488647.881095,24.0,489.0,13.0,-9.631319046020508,0.0,-17.335233688354492,22.466014862060547,40.130496978759766,-16.046180725097656,-1.3047795295715332,92.76230656623738
run_1774487764_1f016bf9,1774488650.3238347,24.0,489.0,13.0,-9.631319046020508,0.0,-17.335233688354492,23.098587036132812,39.947486877441406,-15.554300308227539,-1.2945983409881592,92.76230656623738
run_1774487764_1f016bf9,1774488652.7710347,24.0,489.0,13.0,-9.543447494506836,0.0,-17.186962127685547,23.113956451416016,39.58134078979492,-15.065230369567871,-1.3336031436920166,91.0773900804088
run_1774487764_1f016bf9,1774488655.2335045,24.0,489.0,13.0,-9.411629676818848,0.0,-17.088083267211914,23.450927734375,39.21512222290039,-14.340302467346191,-1.4238942861557007,88.57877317357725
run_1774487764_1f016bf9,1774488657.694247,24.0,489.0,13.0,-9.323766708374023,0.0,-16.98923683166504,23.4735050201416,38.849029541015625,-13.861125946044922,-1.5546573400497437,86.93262563218377
run_1774487764_1f016bf9,1774488660.1368086,24.0,489.0,13.0,-9.235897064208984,0.0,-16.890384674072266,23.499988555908203,38.11677551269531,-13.15034008026123,-1.756402850151062,85.30179458066414
run_1774487764_1f016bf9,1774488662.585302,24.0,489.0,13.0,-9.148025512695312,0.0,-16.791528701782227,23.84573745727539,38.11677551269531,-12.682175636291504,-1.5888608694076538,83.68637078092434
