run_id,timestamp,kp,ki,kd,temp,temp_ref,temp_raw,temp_u,temp_u_p,temp_u_i,temp_u_d,sq_error,mae
run_1775441777_b5861162,1775441782.4588096,6.0,995.0,12.0,25.461238861083984,0.0,22.143892288208008,-100.0,-100.0,0.0,4.0663743019104,648.2746843411733,25.461238861083984
run_1775441777_b5861162,1775441788.469573,6.0,995.0,12.0,25.32785415649414,0.0,21.94379234313965,-100.0,-100.0,0.0,4.416754245758057,641.5001961726375,25.32785415649414
run_1775441777_b5861162,1775441796.5931487,6.0,995.0,12.0,25.194469451904297,0.0,21.793773651123047,-100.0,-100.0,0.0,4.090402126312256,634.7612909629388,25.194469451904297
run_1775441777_b5861162,1775441804.6845906,6.0,995.0,12.0,24.972171783447266,0.0,21.54366111755371,-100.0,-100.0,0.0,4.001035690307617,623.6093635819998,24.972171783447266
run_1775441777_b5861162,1775441811.6603465,6.0,995.0,12.0,24.927698135375977,0.0,21.54366111755371,-100.0,-100.0,0.0,3.6193783283233643,621.3901343284269,24.927698135375977
run_1775441777_b5861162,1775441814.1654046,6.0,995.0,12.0,24.883251190185547,0.0,21.443660736083984,-100.0,-100.0,0.0,3.9104857444763184,619.1761897938704,24.883251190185547
run_1775441777_b5861162,1775441816.6905313,6.0,995.0,12.0,24.838809967041016,0.0,21.443660736083984,-100.0,-100.0,0.0,3.537466287612915,616.9664805787761,24.838809967041016
run_1775441777_b5861162,1775441819.1835914,6.0,995.0,12.0,24.794336318969727,0.0,21.34366226196289,-100.0,-100.0,0.0,3.864311456680298,614.7591134981813,24.794336318969727
run_1775441777_b5861162,1775441821.6911972,6.0,995.0,12.0,24.749921798706055,0.0,21.34366226196289,-100.0,-100.0,0.0,3.9359967708587646,612.5586290420651,24.749921798706055
run_1775441777_b5861162,1775441824.1963606,6.0,995.0,12.0,24.705448150634766,0.0,21.293630599975586,-100.0,-100.0,0.0,3.8133957386016846,610.3591683237028,24.705448150634766
run_1775441777_b5861162,1775441826.6958578,6.0,995.0,12.0,24.661008834838867,0.0,21.243635177612305,-100.0,-100.0,0.0,3.8943357467651367,608.1653567520007,24.661008834838867
run_1775441777_b5861162,1775441829.1923234,6.0,995.0,12.0,24.616539001464844,0.0,21.193607330322266,-100.0,-100.0,0.0,3.790755271911621,605.9739924106398,24.616539001464844
run_1775441777_b5861162,1775441831.693051,6.0,995.0,12.0,24.57208251953125,0.0,21.143592834472656,-100.0,-100.0,0.0,3.429156541824341,603.7872393466532,24.57208251953125
run_1775441777_b5861162,1775441834.199542,6.0,995.0,12.0,24.57208251953125,0.0,21.093599319458008,-100.0,-100.0,0.0,3.8135037422180176,603.7872393466532,24.57208251953125
run_1775441777_b5861162,1775441836.6978323,6.0,995.0,12.0,24.483177185058594,0.0,21.0435733795166,-100.0,-100.0,0.0,3.4497358798980713,599.4259650749736,24.483177185058594
run_1775441777_b5861162,1775441839.209624,6.0,995.0,12.0,24.438722610473633,0.0,20.993562698364258,-100.0,-100.0,0.0,3.3662281036376953,597.2511628316752,24.438722610473633
run_1775441777_b5861162,1775441841.7187388,6.0,995.0,12.0,24.438722610473633,0.0,20.993562698364258,-100.0,-100.0,0.0,3.4850664138793945,597.2511628316752,24.438722610473633
run_1775441777_b5861162,1775441844.2196753,6.0,995.0,12.0,24.394285202026367,0.0,20.943571090698242,-100.0,-100.0,0.0,3.434199094772339,595.0811505178026,24.394285202026367
run_1775441777_b5861162,1775441846.717944,6.0,995.0,12.0,24.34983253479004,0.0,20.89356231689453,-100.0,-100.0,0.0,3.10661244392395,592.9143444723195,24.34983253479004
run_1775441777_b5861162,1775441849.2154381,6.0,995.0,12.0,24.34983253479004,0.0,20.843570709228516,-100.0,-100.0,0.0,3.5270252227783203,592.9143444723195,24.34983253479004
run_1775441777_b5861162,1775441851.723199,6.0,995.0,12.0,24.260963439941406,0.0,20.793582916259766,-100.0,-100.0,0.0,3.1905837059020996,588.5943470341736,24.260963439941406
run_1775441777_b5861162,1775441854.2314868,6.0,995.0,12.0,24.260963439941406,0.0,20.74357795715332,-100.0,-100.0,0.0,3.1365134716033936,588.5943470341736,24.260963439941406
run_1775441777_b5861162,1775441860.3859284,6.0,995.0,12.0,24.127613067626953,0.0,20.643566131591797,-100.0,-100.0,0.0,3.100557565689087,582.1417123411229,24.127613067626953
run_1775441777_b5861162,1775441862.9225934,6.0,995.0,12.0,24.127613067626953,0.0,20.593564987182617,-100.0,-100.0,0.0,3.2492473125457764,582.1417123411229,24.127613067626953
run_1775441777_b5861162,1775441865.4369264,6.0,995.0,12.0,24.083168029785156,0.0,20.593564987182617,-100.0,-100.0,0.0,3.2355048656463623,579.9989823508658,24.083168029785156
run_1775441777_b5861162,1775441867.9424055,6.0,995.0,12.0,24.038734436035156,0.0,20.543577194213867,-100.0,-100.0,0.0,2.9268720149993896,577.8607532862225,24.038734436035156
run_1775441777_b5861162,1775441870.4666076,6.0,995.0,12.0,23.994287490844727,0.0,20.493574142456055,-100.0,-100.0,0.0,2.9123246669769287,575.7258321933077,23.994287490844727
run_1775441777_b5861162,1775441872.9759998,6.0,995.0,12.0,23.949857711791992,0.0,20.44359016418457,-100.0,-100.0,0.0,3.3358752727508545,573.5956844150824,23.949857711791992
run_1775441777_b5861162,1775441875.5059085,6.0,995.0,12.0,23.905399322509766,0.0,20.393573760986328,-100.0,-100.0,0.0,3.0176687240600586,571.4681167686504,23.905399322509766
run_1775441777_b5861162,1775441878.0070724,6.0,995.0,12.0,23.86095428466797,0.0,20.293590545654297,-100.0,-100.0,0.0,3.4087889194488525,569.3451393750147,23.86095428466797
run_1775441777_b5861162,1775441880.5233417,6.0,995.0,12.0,23.772083282470703,0.0,20.243593215942383,-100.0,-100.0,0.0,3.493788003921509,565.1119435887231,23.772083282470703
run_1775441777_b5861162,1775441883.0366578,6.0,995.0,12.0,23.72765350341797,0.0,20.19361114501953,-100.0,-100.0,0.0,3.835245132446289,563.001540778263,23.72765350341797
run_1775441777_b5861162,1775441885.5515985,6.0,995.0,12.0,23.638790130615234,0.0,20.093637466430664,-100.0,-100.0,0.0,4.323561191558838,558.7923988392722,23.638790130615234
run_1775441777_b5861162,1775441888.0580218,6.0,995.0,12.0,23.59433364868164,0.0,20.043624877929688,-100.0,-100.0,0.0,4.155345439910889,556.6925803253107,23.59433364868164
run_1775441777_b5861162,1775441890.5762646,6.0,995.0,12.0,23.46104621887207,0.0,19.8936767578125,-100.0,-100.0,0.0,4.595726490020752,550.4206896840515,23.46104621887207
run_1775441777_b5861162,1775441893.0981524,6.0,995.0,12.0,23.416608810424805,0.0,19.79370880126953,-100.0,-100.0,0.0,5.198355674743652,548.3375681804646,23.416608810424805
run_1775441777_b5861162,1775441895.591794,6.0,995.0,12.0,23.327735900878906,0.0,19.743703842163086,-100.0,-100.0,0.0,5.133676528930664,544.1832622611546,23.327735900878906
run_1775441777_b5861162,1775441898.1085036,6.0,995.0,12.0,23.194446563720703,0.0,19.593751907348633,-100.0,-100.0,0.0,5.631775856018066,537.9823513972951,23.194446563720703
run_1775441777_b5861162,1775441900.6135268,6.0,995.0,12.0,23.10558319091797,0.0,19.4937801361084,-100.0,-100.0,0.0,6.375361919403076,533.867974592431,23.10558319091797
run_1775441777_b5861162,1775441903.118015,6.0,995.0,12.0,23.01673126220703,0.0,19.293872833251953,-100.0,-100.0,0.0,6.728037357330322,529.7699179966585,23.01673126220703
run_1775441777_b5861162,1775441905.6183715,6.0,995.0,12.0,22.794599533081055,0.0,19.143924713134766,-100.0,-100.0,0.0,6.914752960205078,519.593767873539,22.794599533081055
run_1775441777_b5861162,1775441908.120576,6.0,995.0,12.0,22.750158309936523,0.0,18.993988037109375,-100.0,-100.0,0.0,7.590643882751465,517.5697031271739,22.750158309936523
run_1775441777_b5861162,1775441910.6352284,6.0,995.0,12.0,22.61692237854004,0.0,18.94403839111328,-100.0,-100.0,0.0,7.720096588134766,511.5251778769052,22.61692237854004
run_1775441777_b5861162,1775441913.1478133,6.0,995.0,12.0,22.439247131347656,0.0,18.694194793701172,-100.0,-100.0,0.0,7.835989952087402,503.519811821694,22.439247131347656
run_1775441777_b5861162,1775441915.6686366,6.0,995.0,12.0,22.305980682373047,0.0,18.594228744506836,-100.0,-100.0,0.0,8.762349128723145,497.55677420239954,22.305980682373047
run_1775441777_b5861162,1775441918.1726146,6.0,995.0,12.0,22.172725677490234,0.0,18.44431495666504,-100.0,-100.0,0.0,8.786262512207031,491.6297639692348,22.172725677490234
run_1775441777_b5861162,1775441920.6799448,6.0,995.0,12.0,21.995086669921875,0.0,18.24447250366211,-100.0,-100.0,0.0,9.638079643249512,483.78383761737496,21.995086669921875
run_1775441777_b5861162,1775441923.1955185,6.0,995.0,12.0,21.90630340576172,0.0,18.044626235961914,-100.0,-100.0,0.0,9.966134071350098,479.8861289052875,21.90630340576172
run_1775441777_b5861162,1775441925.7151482,6.0,995.0,12.0,21.639829635620117,0.0,17.84480857849121,-100.0,-100.0,0.0,9.860132217407227,468.2822266586627,21.639829635620117
run_1775441777_b5861162,1775441928.2357507,6.0,995.0,12.0,21.551025390625,0.0,17.644987106323242,-100.0,-100.0,0.0,10.963238716125488,464.44669538736343,21.551025390625
run_1775441777_b5861162,1775441930.7465503,6.0,995.0,12.0,21.373382568359375,0.0,17.545055389404297,-100.0,-100.0,0.0,10.34380054473877,456.8214824134484,21.373382568359375
run_1775441777_b5861162,1775441933.2538693,6.0,995.0,12.0,21.195819854736328,0.0,17.245391845703125,-100.0,-100.0,0.0,10.9133939743042,449.26277931443474,21.195819854736328
run_1775441777_b5861162,1775441935.7796812,6.0,995.0,12.0,21.018199920654297,0.0,17.145475387573242,-100.0,-100.0,0.0,11.545431137084961,441.7647279045923,21.018199920654297
run_1775441777_b5861162,1775441938.300334,6.0,995.0,12.0,20.840633392333984,0.0,16.945711135864258,-100.0,-100.0,0.0,11.589529991149902,434.3320001936663,20.840633392333984
run_1775441777_b5861162,1775441940.8109834,6.0,995.0,12.0,20.663061141967773,0.0,16.745943069458008,-100.0,-100.0,0.0,12.191243171691895,426.96209575669855,20.663061141967773
run_1775441777_b5861162,1775441943.318982,6.0,995.0,12.0,20.48548698425293,0.0,16.546173095703125,-100.0,-100.0,0.0,12.161944389343262,419.6551769819962,20.48548698425293
run_1775441777_b5861162,1775441945.8302824,6.0,995.0,12.0,20.307950973510742,0.0,16.346445083618164,-100.0,-100.0,0.0,11.846086502075195,412.4128727425159,20.307950973510742
run_1775441777_b5861162,1775441948.3399403,6.0,995.0,12.0,20.130413055419922,0.0,16.146713256835938,-100.0,-100.0,0.0,12.670509338378906,405.23352978182083,20.130413055419922
run_1775441777_b5861162,1775441950.8643794,6.0,995.0,12.0,20.04165267944336,0.0,15.897062301635742,-100.0,-100.0,0.0,12.741056442260742,401.6678421234392,20.04165267944336
run_1775441777_b5861162,1775441953.3661754,6.0,995.0,12.0,19.730985641479492,0.0,15.697358131408691,-100.0,-100.0,0.0,12.601288795471191,389.3117943842699,19.730985641479492
run_1775441777_b5861162,1775441955.8676505,6.0,995.0,12.0,19.64223861694336,0.0,15.497682571411133,-100.0,-100.0,0.0,13.088739395141602,385.817537884941,19.64223861694336
run_1775441777_b5861162,1775441958.3665435,6.0,995.0,12.0,19.46475601196289,0.0,15.397850036621094,-100.0,-100.0,0.0,12.916729927062988,378.8767266052455,19.46475601196289
run_1775441777_b5861162,1775441960.8781676,6.0,995.0,12.0,19.24289321899414,0.0,15.048417091369629,-100.0,-100.0,0.0,13.825455665588379,370.2889394376107,19.24289321899414
run_1775441777_b5861162,1775441963.4000063,6.0,995.0,12.0,19.02104949951172,0.0,14.898679733276367,-100.0,-100.0,0.0,13.989917755126953,361.800324062875,19.02104949951172
run_1775441777_b5861162,1775441965.916718,6.0,995.0,12.0,18.843589782714844,0.0,14.699037551879883,-100.0,-100.0,0.0,13.499236106872559,355.08087589923525,18.843589782714844
run_1775441777_b5861162,1775441968.426733,6.0,995.0,12.0,18.621774673461914,0.0,14.449496269226074,-100.0,-100.0,0.0,14.558130264282227,346.7704919891876,18.621774673461914
run_1775441777_b5861162,1775441970.922224,6.0,995.0,12.0,18.533061981201172,0.0,14.249896049499512,-100.0,-100.0,0.0,14.021674156188965,343.4743863990443,18.533061981201172
run_1775441777_b5861162,1775441973.4248557,6.0,995.0,12.0,18.22256851196289,0.0,14.000389099121094,-100.0,-100.0,0.0,14.124163627624512,332.06200317318144,18.22256851196289
run_1775441777_b5861162,1775441975.950233,6.0,995.0,12.0,18.133853912353516,0.0,13.800801277160645,-100.0,-100.0,0.0,14.46560287475586,328.8366577145789,18.133853912353516
run_1775441777_b5861162,1775441978.4605598,6.0,995.0,12.0,17.95646095275879,0.0,13.701018333435059,-100.0,-100.0,0.0,14.552200317382812,322.4344899479511,17.95646095275879
run_1775441777_b5861162,1775441980.9638665,6.0,995.0,12.0,17.73471450805664,0.0,13.35178279876709,-100.0,-100.0,0.0,14.88632583618164,314.5200986822747,17.73471450805664
run_1775441777_b5861162,1775441983.4790168,6.0,995.0,12.0,17.55733299255371,0.0,13.251999855041504,-100.0,-100.0,0.0,14.951666831970215,308.25994181141505,17.55733299255371
run_1775441777_b5861162,1775441985.9869356,6.0,995.0,12.0,17.335643768310547,0.0,13.00260066986084,-100.0,-100.0,0.0,14.535741806030273,300.5245448617643,17.335643768310547
run_1775441777_b5861162,1775441988.4963026,6.0,995.0,12.0,17.15827178955078,0.0,12.803055763244629,-100.0,-100.0,0.0,15.314367294311523,294.40629080409417,17.15827178955078
run_1775441777_b5861162,1775441991.0384555,6.0,995.0,12.0,17.025249481201172,0.0,12.553658485412598,-100.0,-100.0,0.0,14.880702018737793,289.8591198971408,17.025249481201172
run_1775441777_b5861162,1775441993.5642784,6.0,995.0,12.0,16.71493148803711,0.0,12.304298400878906,-100.0,-100.0,0.0,14.726011276245117,279.38893464977446,16.71493148803711
run_1775441777_b5861162,1775441996.0642533,6.0,995.0,12.0,16.626277923583984,0.0,12.104829788208008,-100.0,-100.0,0.0,15.621084213256836,276.43311759225617,16.626277923583984
run_1775441777_b5861162,1775441998.572751,6.0,995.0,12.0,16.40460205078125,0.0,11.955178260803223,-100.0,-100.0,0.0,14.999860763549805,269.1109684444964,16.40460205078125
run_1775441777_b5861162,1775442001.0762491,6.0,995.0,12.0,16.22731590270996,0.0,11.606159210205078,-100.0,-100.0,0.0,14.964011192321777,263.3257814063436,16.22731590270996
run_1775441777_b5861162,1775442003.5829837,6.0,995.0,12.0,16.005727767944336,0.0,11.506443977355957,-100.0,-100.0,0.0,15.240663528442383,256.1833213815444,16.005727767944336
run_1775441777_b5861162,1775442006.0981896,6.0,995.0,12.0,15.91706657409668,0.0,11.257145881652832,-100.0,-100.0,0.0,15.208548545837402,253.3530083242258,15.91706657409668
run_1775441777_b5861162,1775442008.617352,6.0,995.0,12.0,15.5625638961792,0.0,11.00788402557373,-100.0,-100.0,0.0,15.009474754333496,242.1933950226603,15.5625638961792
run_1775441777_b5861162,1775442011.1309185,6.0,995.0,12.0,15.473915100097656,0.0,10.80846118927002,-100.0,-100.0,0.0,15.834349632263184,239.44204852503026,15.473915100097656
run_1775441777_b5861162,1775442013.6509175,6.0,995.0,12.0,15.25235652923584,0.0,10.65890121459961,-100.0,-100.0,0.0,15.183774948120117,232.63437969492315,15.25235652923584
run_1775441777_b5861162,1775442016.155706,6.0,995.0,12.0,15.075139045715332,0.0,10.310020446777344,-100.0,-100.0,0.0,15.100924491882324,227.25981724765097,15.075139045715332
run_1775441777_b5861162,1775442018.6854022,6.0,995.0,12.0,14.853639602661133,0.0,10.210344314575195,-100.0,-100.0,0.0,15.346978187561035,220.63060944574318,14.853639602661133
run_1775441777_b5861162,1775442021.2046368,6.0,995.0,12.0,14.632128715515137,0.0,9.96114444732666,-100.0,-100.0,0.0,14.394271850585938,214.09919074740264,14.632128715515137
run_1775441777_b5861162,1775442023.7155025,6.0,995.0,12.0,14.454906463623047,0.0,9.761770248413086,-100.0,-100.0,0.0,15.550067901611328,208.94432087209134,14.454906463623047
run_1775441777_b5861162,1775442026.2291512,6.0,995.0,12.0,14.366349220275879,0.0,9.56248664855957,-100.0,-100.0,0.0,15.499401092529297,206.39198991892135,14.366349220275879
run_1775441777_b5861162,1775442028.7396657,6.0,995.0,12.0,14.056269645690918,0.0,9.313302993774414,-100.0,-100.0,0.0,14.854985237121582,197.57871635237188,14.056269645690918
run_1775441777_b5861162,1775442031.2610657,6.0,995.0,12.0,13.879110336303711,0.0,9.113999366760254,-100.0,-100.0,0.0,14.384317398071289,192.6297037272925,13.879110336303711
run_1775441777_b5861162,1775442033.7702212,6.0,995.0,12.0,13.790572166442871,0.0,9.01439380645752,-100.0,-100.0,0.0,15.110818862915039,190.17988067786882,13.790572166442871
run_1775441777_b5861162,1775442036.2701046,6.0,995.0,12.0,13.569112777709961,0.0,8.765252113342285,-100.0,-100.0,0.0,14.637125015258789,184.12082157421173,13.569112777709961
run_1775441777_b5861162,1775442038.7886193,6.0,995.0,12.0,13.347726821899414,0.0,8.516192436218262,-100.0,-100.0,0.0,15.334842681884766,178.16181131205303,13.347726821899414
run_1775441777_b5861162,1775442041.3093212,6.0,995.0,12.0,13.17058277130127,0.0,8.316905975341797,-100.0,-100.0,0.0,14.862481117248535,173.46425053569783,13.17058277130127
run_1775441777_b5861162,1775442043.8330145,6.0,995.0,12.0,12.949228286743164,0.0,8.06788158416748,-100.0,-100.0,0.0,14.682823181152344,167.6825132221893,12.949228286743164
run_1775441777_b5861162,1775442046.3355339,6.0,995.0,12.0,12.77212142944336,0.0,7.868636131286621,-100.0,-100.0,0.0,15.52131462097168,163.12708580844628,12.77212142944336
run_1775441777_b5861162,1775442048.8344982,6.0,995.0,12.0,12.639328002929688,0.0,7.61964750289917,-100.0,-100.0,0.0,14.891240119934082,159.75261236564256,12.639328002929688
run_1775441777_b5861162,1775442051.3336413,6.0,995.0,12.0,12.373730659484863,0.0,7.420446872711182,-100.0,-100.0,0.0,14.39059066772461,153.1092104334757,12.373730659484863
run_1775441777_b5861162,1775442053.8421905,6.0,995.0,12.0,12.196659088134766,0.0,7.121643543243408,-100.0,-100.0,0.0,15.494911193847656,148.75849291218037,12.196659088134766
run_1775441777_b5861162,1775442056.356052,6.0,995.0,12.0,12.019611358642578,0.0,7.022063732147217,-100.0,-100.0,0.0,15.392073631286621,144.47105721280968,12.019611358642578
run_1775441777_b5861162,1775442058.8575866,6.0,995.0,12.0,11.798316955566406,0.0,6.623763084411621,-100.0,-100.0,0.0,16.068199157714844,139.20028298400575,11.798316955566406
run_1775441777_b5861162,1775442061.3686056,6.0,995.0,12.0,11.577066421508789,0.0,6.524200439453125,-100.0,-100.0,0.0,15.492254257202148,134.02846692802632,11.577066421508789
run_1775441777_b5861162,1775442063.8775492,6.0,995.0,12.0,11.444299697875977,0.0,6.374836444854736,-100.0,-100.0,0.0,14.435490608215332,130.97199557480417,11.444299697875977
run_1775441777_b5861162,1775442066.3775272,6.0,995.0,12.0,11.17880916595459,0.0,6.076160430908203,-100.0,-100.0,0.0,15.707537651062012,124.96577436883035,11.17880916595459
run_1775441777_b5861162,1775442068.8844514,6.0,995.0,12.0,11.090322494506836,0.0,5.877069473266602,-100.0,-100.0,0.0,15.059253692626953,122.99525303216433,11.090322494506836
run_1775441777_b5861162,1775442071.3934405,6.0,995.0,12.0,10.824850082397461,0.0,5.677956581115723,-100.0,-100.0,0.0,14.57522964477539,117.17737930638032,10.824850082397461
run_1775441777_b5861162,1775442073.8956816,6.0,995.0,12.0,10.692117691040039,0.0,5.379344940185547,-100.0,-100.0,0.0,15.685394287109375,114.32138071905138,10.692117691040039
run_1775441777_b5861162,1775442076.4219968,6.0,995.0,12.0,10.470951080322266,0.0,5.279819488525391,-100.0,-100.0,0.0,15.145759582519531,109.64081652650202,10.470951080322266
run_1775441777_b5861162,1775442078.935824,6.0,995.0,12.0,10.2940092086792,0.0,4.931462287902832,-100.0,-100.0,0.0,15.844547271728516,105.96662558837215,10.2940092086792
run_1775441777_b5861162,1775442081.4426181,6.0,995.0,12.0,10.072844505310059,0.0,4.8319501876831055,-100.0,-100.0,0.0,15.299257278442383,101.46219642815504,10.072844505310059
run_1775441777_b5861162,1775442083.949659,6.0,995.0,12.0,9.851696014404297,0.0,4.583157539367676,-100.0,-100.0,0.0,15.101663589477539,97.05591436022951,9.851696014404297
run_1775441777_b5861162,1775442086.4729881,6.0,995.0,12.0,9.719036102294922,0.0,4.433915138244629,-100.0,-100.0,0.0,15.947318077087402,94.45966275771207,9.719036102294922
run_1775441777_b5861162,1775442088.990544,6.0,995.0,12.0,9.54212474822998,0.0,4.135383605957031,-100.0,-100.0,0.0,15.404534339904785,91.05214471078307,9.54212474822998
run_1775441777_b5861162,1775442091.4943113,6.0,995.0,12.0,9.232601165771484,0.0,3.8866770267486572,-100.0,-100.0,0.0,15.196648597717285,85.24092428620497,9.232601165771484
run_1775441777_b5861162,1775442094.0067034,6.0,995.0,12.0,9.144145965576172,0.0,3.7374155521392822,-100.0,-100.0,0.0,15.144440650939941,83.61540543976298,9.144145965576172
run_1775441777_b5861162,1775442096.5083141,6.0,995.0,12.0,9.01148796081543,0.0,3.6379237174987793,-100.0,-100.0,0.0,14.973917961120605,81.20691526792143,9.01148796081543
run_1775441777_b5861162,1775442099.0336082,6.0,995.0,12.0,8.790448188781738,0.0,3.339531183242798,-100.0,-100.0,0.0,14.095542907714844,77.27197935965614,8.790448188781738
run_1775441777_b5861162,1775442101.55557,6.0,995.0,12.0,8.61362361907959,0.0,3.190326690673828,-100.0,-100.0,0.0,15.275910377502441,74.19451185116577,8.61362361907959
run_1775441777_b5861162,1775442104.0806184,6.0,995.0,12.0,8.392584800720215,0.0,2.9416580200195312,-100.0,-100.0,0.0,14.792275428771973,70.43547963727997,8.392584800720215
run_1775441777_b5861162,1775442106.5987208,6.0,995.0,12.0,8.215742111206055,0.0,2.7427096366882324,-100.0,-100.0,0.0,15.097883224487305,67.49841843784452,8.215742111206055
run_1775441777_b5861162,1775442109.0986273,6.0,995.0,12.0,8.127345085144043,0.0,2.4941089153289795,-100.0,-100.0,0.0,15.076502799987793,66.05373813301503,8.127345085144043
run_1775441777_b5861162,1775442111.6034012,6.0,995.0,12.0,7.862157821655273,0.0,2.3449275493621826,-100.0,-100.0,0.0,14.058891296386719,61.813525612615194,7.862157821655273
run_1775441777_b5861162,1775442114.1019487,6.0,995.0,12.0,7.729557991027832,0.0,2.1460623741149902,-100.0,-100.0,0.0,15.455377578735352,59.746066736662215,7.729557991027832
run_1775441777_b5861162,1775442116.614752,6.0,995.0,12.0,7.5086164474487305,0.0,1.9471931457519531,-100.0,-100.0,0.0,13.981096267700195,56.379320954897594,7.5086164474487305
run_1775441777_b5861162,1775442119.1441367,6.0,995.0,12.0,7.331868648529053,0.0,1.6489039659500122,-100.0,-100.0,0.0,14.452812194824219,53.75629787928324,7.331868648529053
run_1775441777_b5861162,1775442121.6680462,6.0,995.0,12.0,7.155088901519775,0.0,1.5494753122329712,-100.0,-100.0,-0.17955419421195984,14.335277557373047,51.195297188651466,7.155088901519775
run_1775441777_b5861162,1775442124.163517,6.0,995.0,12.0,6.978363037109375,0.0,1.350658655166626,-100.0,-100.0,-0.41533362865448,13.96600341796875,48.69755067769438,6.978363037109375
run_1775441777_b5861162,1775442126.683167,6.0,995.0,12.0,6.845804214477539,0.0,1.201529622077942,-99.03662109375,-100.0,-0.7620828151702881,14.34961223602295,46.865035342958436,6.845804214477539
run_1775441777_b5861162,1775442129.182241,6.0,995.0,12.0,6.757449150085449,0.0,0.9530463218688965,-97.12316131591797,-100.0,-0.9873534440994263,14.456229209899902,45.66311901599056,6.757449150085449
run_1775441777_b5861162,1775442131.6993935,6.0,995.0,12.0,6.448222637176514,0.0,0.7542498707771301,-94.86796569824219,-100.0,-1.3152333498001099,13.917652130126953,41.57957517859563,6.448222637176514
run_1775441777_b5861162,1775442134.2107055,6.0,995.0,12.0,6.35984992980957,0.0,0.5554481148719788,-91.7652587890625,-100.0,-1.6334927082061768,14.473298072814941,40.447691129698796,6.35984992980957
run_1775441777_b5861162,1775442136.7389207,6.0,995.0,12.0,6.18317174911499,0.0,0.45606836676597595,-88.29283905029297,-100.0,-1.839524507522583,14.391329765319824,38.23161287905373,6.18317174911499
run_1775441777_b5861162,1775442139.2495427,6.0,995.0,12.0,6.006490707397461,0.0,0.257302463054657,-88.7148208618164,-100.0,-2.140840530395508,13.634936332702637,36.07793061805205,6.006490707397461
run_1775441777_b5861162,1775442141.7631435,6.0,995.0,12.0,5.785650253295898,0.0,0.00885683298110962,-84.0207748413086,-95.69183349609375,-2.3355519771575928,14.006612777709961,33.473748853462894,5.785650253295898
run_1775441777_b5861162,1775442144.2836869,6.0,995.0,12.0,5.653160095214844,0.0,-0.14019477367401123,-83.21834564208984,-94.2193374633789,-2.6204447746276855,14.164888381958008,31.9582190621295,5.653160095214844
run_1775441777_b5861162,1775442146.785444,6.0,995.0,12.0,5.476510524749756,0.0,-0.33892518281936646,-80.84989929199219,-91.27517700195312,-2.8044304847717285,13.229706764221191,29.992167527694846,5.476510524749756
run_1775441777_b5861162,1775442149.3056757,6.0,995.0,12.0,5.255739688873291,0.0,-0.5872930288314819,-76.49885559082031,-87.59566497802734,-3.0720882415771484,13.829862594604492,27.622799677197918,5.255739688873291
run_1775441777_b5861162,1775442151.8082309,6.0,995.0,12.0,5.211578845977783,0.0,-0.6369737386703491,-75.265625,-85.38764953613281,-3.2456436157226562,13.367673873901367,27.160554067843123,5.211578845977783
run_1775441777_b5861162,1775442154.3243837,6.0,995.0,12.0,4.94664192199707,0.0,-0.9350281953811646,-72.0932388305664,-82.44403839111328,-3.4965858459472656,13.091580390930176,24.46926630445887,4.94664192199707
run_1775441777_b5861162,1775442156.8340783,6.0,995.0,12.0,4.8141889572143555,0.0,-1.08403742313385,-69.66075134277344,-79.50059509277344,-3.658162832260132,13.498002052307129,23.176415315764643,4.8141889572143555
run_1775441777_b5861162,1775442159.350586,6.0,995.0,12.0,4.637606143951416,0.0,-1.2826933860778809,-67.6511001586914,-77.2934341430664,-3.8922457695007324,13.227921485900879,21.507390746415922,4.637606143951416
run_1775441777_b5861162,1775442161.878935,6.0,995.0,12.0,4.461002826690674,0.0,-1.5310379266738892,-64.01889038085938,-73.6142578125,-4.04257869720459,13.63794231414795,19.900546219742182,4.461002826690674
run_1775441777_b5861162,1775442164.3818552,6.0,995.0,12.0,4.328573226928711,0.0,-1.6303555965423584,-63.13870620727539,-72.14288330078125,-4.261277675628662,13.413910865783691,18.736546180884034,4.328573226928711
run_1775441777_b5861162,1775442166.8891933,6.0,995.0,12.0,4.240294933319092,0.0,-1.7793322801589966,-61.78002166748047,-69.93582153320312,-4.4026665687561035,12.55846881866455,17.98010112153156,4.240294933319092
run_1775441777_b5861162,1775442169.4122574,6.0,995.0,12.0,3.975431442260742,0.0,-2.027639389038086,-57.34779739379883,-66.25718688964844,-4.605319499969482,12.790647506713867,15.804055152115325,3.975431442260742
run_1775441777_b5861162,1775442171.9265895,6.0,995.0,12.0,3.931304693222046,0.0,-2.176582098007202,-55.95643615722656,-64.0506362915039,-4.736062049865723,12.830260276794434,15.455156590949684,3.931304693222046
run_1775441777_b5861162,1775442174.4327638,6.0,995.0,12.0,3.7106361389160156,0.0,-2.3255343437194824,-53.864742279052734,-61.10830307006836,-4.922972679138184,12.636934280395508,13.768820555429556,3.7106361389160156
run_1775441777_b5861162,1775442176.9476814,6.0,995.0,12.0,3.5782253742218018,0.0,-2.57376766204834,-50.09786605834961,-58.16640853881836,-5.042549133300781,13.111090660095215,12.803696828724753,3.5782253742218018
run_1775441777_b5861162,1775442179.4490485,6.0,995.0,12.0,3.445863723754883,0.0,-2.623403549194336,-50.30556869506836,-55.95972442626953,-5.215484142303467,12.540367126464844,11.873976802689867,3.445863723754883
run_1775441777_b5861162,1775442181.9610534,6.0,995.0,12.0,3.313464879989624,0.0,-2.7723519802093506,-48.79584503173828,-55.22441864013672,-5.326859474182129,11.755434036254883,10.979049510924654,3.313464879989624
run_1775441777_b5861162,1775442184.459093,6.0,995.0,12.0,3.0928285121917725,0.0,-3.0205681324005127,-44.25556564331055,-50.076229095458984,-5.484571933746338,12.967988967895508,9.565588205826373,3.0928285121917725
run_1775441777_b5861162,1775442186.9781244,6.0,995.0,12.0,3.0045735836029053,0.0,-3.119854688644409,-43.93048095703125,-50.076229095458984,-5.585229396820068,12.441875457763672,9.027462419284404,3.0045735836029053
run_1775441777_b5861162,1775442189.4852388,6.0,995.0,12.0,2.7839462757110596,0.0,-3.368060350418091,-39.38177490234375,-46.399105072021484,-5.7280120849609375,12.07786750793457,7.750356866045479,2.7839462757110596
run_1775441777_b5861162,1775442192.0091515,6.0,995.0,12.0,2.6957290172576904,0.0,-3.4673049449920654,-39.01545333862305,-44.92881774902344,-5.8184685707092285,12.481762886047363,7.266954934485113,2.6957290172576904
run_1775441777_b5861162,1775442194.5179946,6.0,995.0,12.0,2.5633790493011475,0.0,-3.616198778152466,-36.75779342651367,-41.252559661865234,-5.947945594787598,12.13870906829834,6.570912150396055,2.5633790493011475
run_1775441777_b5861162,1775442197.0210357,6.0,995.0,12.0,2.4751534461975098,0.0,-3.8147032260894775,-33.949851989746094,-39.78217315673828,-6.030715465545654,11.283052444458008,6.126384582223409,2.4751534461975098
run_1775441777_b5861162,1775442199.5228608,6.0,995.0,12.0,2.2986812591552734,0.0,-3.9139833450317383,-32.84147644042969,-36.1058235168457,-6.146304607391357,12.297233581542969,5.283935531191673,2.2986812591552734
run_1775441777_b5861162,1775442202.0403383,6.0,995.0,12.0,2.166349411010742,0.0,-4.062856674194336,-31.20049476623535,-36.1058235168457,-6.218880653381348,11.4277925491333,4.69306977058659,2.166349411010742
run_1775441777_b5861162,1775442204.5543382,6.0,995.0,12.0,2.0340394973754883,0.0,-4.211705684661865,-28.891786575317383,-31.6953182220459,-6.321979999542236,12.067898750305176,4.137316676883529,2.0340394973754883
run_1775441777_b5861162,1775442207.0873692,6.0,995.0,12.0,1.901719093322754,0.0,-4.410206317901611,-26.0042781829834,-30.959909439086914,-6.385018825531006,11.214099884033203,3.616535509908317,1.901719093322754
run_1775441777_b5861162,1775442209.59634,6.0,995.0,12.0,1.7252821922302246,0.0,-4.559057712554932,-23.652536392211914,-28.75470542907715,-6.474745273590088,10.983430862426758,2.9765986428267297,1.7252821922302246
run_1775441777_b5861162,1775442212.1156123,6.0,995.0,12.0,1.6811747550964355,0.0,-4.707901477813721,-21.885122299194336,-26.549610137939453,-6.530107498168945,11.088214874267578,2.82634855717356,1.6811747550964355
run_1775441777_b5861162,1775442214.6131032,6.0,995.0,12.0,1.5488848686218262,0.0,-4.757504463195801,-21.85129165649414,-24.3448486328125,-6.607272624969482,10.877787590026855,2.3990443362456517,1.5488848686218262
run_1775441777_b5861162,1775442217.1173503,6.0,995.0,12.0,1.3283824920654297,0.0,-5.055183410644531,-16.554758071899414,-21.404687881469727,-6.652359485626221,10.939945220947266,1.7646000452259614,1.3283824920654297
run_1775441777_b5861162,1775442219.6530929,6.0,995.0,12.0,1.240194320678711,0.0,-5.104781150817871,-15.914353370666504,-19.93490982055664,-6.715266227722168,10.735820770263672,1.5380819530437293,1.240194320678711
run_1775441777_b5861162,1775442222.1956158,6.0,995.0,12.0,1.1078968048095703,0.0,-5.2536163330078125,-14.66806697845459,-18.464946746826172,-6.771608352661133,10.458417892456055,1.2274353301072551,1.1078968048095703
run_1775441777_b5861162,1775442224.6943328,6.0,995.0,12.0,0.9315223693847656,0.0,-5.452037334442139,-11.623393058776855,-15.525373458862305,-6.804365634918213,10.706345558166504,0.8677339246642077,0.9315223693847656
run_1775441777_b5861162,1775442227.2035403,6.0,995.0,12.0,0.9315223693847656,0.0,-5.60082483291626,-9.199048042297363,-13.321113586425781,-6.846744537353516,10.856558799743652,0.8677339246642077,0.9315223693847656
run_1775441777_b5861162,1775442229.7091804,6.0,995.0,12.0,0.7110810279846191,0.0,-5.700033664703369,-8.48226547241211,-11.851350784301758,-6.871235370635986,10.240321159362793,0.5056362283596627,0.7110810279846191
run_1775441777_b5861162,1775442232.2280896,6.0,995.0,12.0,0.578819751739502,0.0,-5.848827838897705,-6.065834999084473,-9.64699649810791,-6.900315761566162,11.282698631286621,0.3350323050037787,0.578819751739502
run_1775441777_b5861162,1775442234.74191,6.0,995.0,12.0,0.44655275344848633,0.0,-5.997628211975098,-1.8337167501449585,-5.973180294036865,-6.913949012756348,11.053412437438965,0.19940936161242462,0.44655275344848633
run_1775441777_b5861162,1775442237.262333,6.0,995.0,12.0,0.35839080810546875,0.0,-6.24556827545166,0.6262302398681641,-3.7693581581115723,-6.9295220375061035,10.767826080322266,0.12844397133449093,0.35839080810546875
run_1775441777_b5861162,1775442239.773636,6.0,995.0,12.0,0.22616147994995117,0.0,-6.24556827545166,0.20563825964927673,-3.034623622894287,-6.936870574951172,10.177132606506348,0.051149015013152166,0.22616147994995117
run_1775441777_b5861162,1775442242.3022442,6.0,995.0,12.0,0.13799333572387695,0.0,-6.344757556915283,0.3835849463939667,-2.299889087677002,-6.943135738372803,10.00203800201416,0.019042160704202615,0.13799333572387695
run_1775441777_b5861162,1775442244.822491,6.0,995.0,12.0,0.005744457244873047,0.0,-6.493537425994873,3.599154233932495,0.6389459371566772,-6.943643093109131,9.903851509094238,3.2998789038174436e-05,0.005744457244873047
run_1775441777_b5861162,1775442247.32759,6.0,995.0,12.0,-0.08241701126098633,0.0,-6.592719078063965,3.8261208534240723,1.3736169338226318,-6.934534549713135,8.932046890258789,0.006792563745193547,0.08241701126098633
run_1775441777_b5861162,1775442249.8518374,6.0,995.0,12.0,-0.12648344039916992,0.0,-6.642293930053711,3.6833927631378174,2.1080574989318848,-6.923807621002197,8.49914264678955,0.01599806069521037,0.12648344039916992
run_1775441777_b5861162,1775442252.3632343,6.0,995.0,12.0,-0.21464109420776367,0.0,-6.741471290588379,5.205985069274902,3.5773515701293945,-6.896069526672363,8.5589017868042,0.04607079932270608,0.21464109420776367
run_1775441777_b5861162,1775442254.87912,6.0,995.0,12.0,-0.25869035720825195,0.0,-6.89018440246582,7.519062519073486,5.780506134033203,-6.867820739746094,8.606377601623535,0.066920700912533,0.25869035720825195
run_1775441777_b5861162,1775442257.392833,6.0,995.0,12.0,-0.39092063903808594,0.0,-6.939785957336426,7.885881423950195,6.515344142913818,-6.810383319854736,7.799658298492432,0.15281894602594548,0.39092063903808594
run_1775441777_b5861162,1775442259.8961546,6.0,995.0,12.0,-0.47905588150024414,0.0,-7.038938045501709,9.097131729125977,7.984264850616455,-6.76440954208374,7.87727689743042,0.22949453759997596,0.47905588150024414
run_1775441777_b5861162,1775442262.39946,6.0,995.0,12.0,-0.5231304168701172,0.0,-7.088521957397461,9.550127029418945,8.718840599060059,-6.6874613761901855,7.176187515258789,0.2736654330547026,0.5231304168701172
run_1775441777_b5861162,1775442264.9009333,6.0,995.0,12.0,-0.5231304168701172,0.0,-7.187685966491699,10.926671981811523,10.187944412231445,-6.634387493133545,7.373115539550781,0.2736654330547026,0.5231304168701172
run_1775441777_b5861162,1775442267.404009,6.0,995.0,12.0,-0.6112766265869141,0.0,-7.187685966491699,10.28485107421875,10.187944412231445,-6.542141914367676,6.343713283538818,0.37365911421147757,0.6112766265869141
run_1775441777_b5861162,1775442269.9089134,6.0,995.0,12.0,-0.6553487777709961,0.0,-7.23726749420166,10.602033615112305,10.922479629516602,-6.47821044921875,6.157763957977295,0.4294820205259384,0.6553487777709961
run_1775441777_b5861162,1775442272.429486,6.0,995.0,12.0,-0.6994061470031738,0.0,-7.286831855773926,11.251703262329102,11.656769752502441,-6.376440048217773,5.712896347045898,0.4891689584658252,0.6994061470031738
run_1775441777_b5861162,1775442274.925021,6.0,995.0,12.0,-0.7875461578369141,0.0,-7.336411476135254,11.641101837158203,12.391281127929688,-6.2996506690979,5.549471855163574,0.6202289507236856,0.7875461578369141
run_1775441777_b5861162,1775442277.43262,6.0,995.0,12.0,-0.7875461578369141,0.0,-7.385989189147949,12.338871002197266,13.12576961517334,-6.182360649108887,5.169356822967529,0.6202289507236856,0.7875461578369141
run_1775441777_b5861162,1775442279.9399567,6.0,995.0,12.0,-0.8316159248352051,0.0,-7.485145092010498,14.018969535827637,14.594738006591797,-6.099141597747803,5.523372650146484,0.6915850464395135,0.8316159248352051
run_1775441777_b5861162,1775442282.446969,6.0,995.0,12.0,-0.8316159248352051,0.0,-7.435567855834961,12.416543006896973,14.594738006591797,-5.969657897949219,4.777437210083008,0.6915850464395135,0.8316159248352051
run_1775441777_b5861162,1775442284.9528372,6.0,995.0,12.0,-0.9197392463684082,0.0,-7.5347065925598145,14.186859130859375,15.328988075256348,-5.87868070602417,4.736551761627197,0.8459202813103275,0.9197392463684082
run_1775441777_b5861162,1775442287.4585538,6.0,995.0,12.0,-0.9197392463684082,0.0,-7.5347065925598145,13.805026054382324,15.328988075256348,-5.737227439880371,4.0512824058532715,0.8459202813103275,0.9197392463684082
run_1775441777_b5861162,1775442289.9715006,6.0,995.0,12.0,-0.9197392463684082,0.0,-7.5347065925598145,13.349122047424316,15.328988075256348,-5.644698619842529,3.664832592010498,0.8459202813103275,0.9197392463684082
run_1775441777_b5861162,1775442292.4796846,6.0,995.0,12.0,-0.9637908935546875,0.0,-7.584264755249023,14.240245819091797,16.063182830810547,-5.500364303588867,3.543750286102295,0.928892886498943,0.9637908935546875
run_1775441777_b5861162,1775442295.0061018,6.0,995.0,12.0,-1.0078577995300293,0.0,-7.633840084075928,15.010416030883789,16.797630310058594,-5.39963436126709,2.9995367527008057,1.0157773440735127,1.0078577995300293
run_1775441777_b5861162,1775442297.5158117,6.0,995.0,12.0,-0.9637908935546875,0.0,-7.584264755249023,13.614951133728027,16.063182830810547,-5.2526397705078125,2.7134127616882324,0.928892886498943,0.9637908935546875
run_1775441777_b5861162,1775442300.0527885,6.0,995.0,12.0,-1.0078577995300293,0.0,-7.633840084075928,14.510663032531738,16.797630310058594,-5.152353286743164,2.725297689437866,1.0157773440735127,1.0078577995300293
run_1775441777_b5861162,1775442302.5476549,6.0,995.0,12.0,-1.0078577995300293,0.0,-7.633840084075928,14.338729858398438,16.797630310058594,-5.000260829925537,2.4653327465057373,1.0157773440735127,1.0078577995300293
run_1775441777_b5861162,1775442305.0568657,6.0,995.0,12.0,-1.0078577995300293,0.0,-7.584264755249023,12.969141006469727,16.063182830810547,-4.900860786437988,1.7184842824935913,1.0157773440735127,1.0078577995300293
run_1775441777_b5861162,1775442307.555777,6.0,995.0,12.0,-1.0078577995300293,0.0,-7.633840084075928,14.06122875213623,16.797630310058594,-4.752093315124512,1.9653637409210205,1.0157773440735127,1.0078577995300293
run_1775441777_b5861162,1775442310.0639448,6.0,995.0,12.0,-0.9637908935546875,0.0,-7.633840084075928,13.947123527526855,16.797630310058594,-4.653357982635498,1.2827893495559692,0.928892886498943,0.9637908935546875
run_1775441777_b5861162,1775442312.5639102,6.0,995.0,12.0,-0.9637908935546875,0.0,-7.584264755249023,12.727968215942383,16.797630310058594,-4.504812240600586,1.5837719440460205,0.928892886498943,0.9637908935546875
run_1775441777_b5861162,1775442315.0841303,6.0,995.0,12.0,-0.9637908935546875,0.0,-7.584264755249023,12.681986808776855,16.063182830810547,-4.4071855545043945,0.975829541683197,0.928892886498943,0.9637908935546875
run_1775441777_b5861162,1775442317.5902464,6.0,995.0,12.0,-0.9637908935546875,0.0,-7.584264755249023,12.68108081817627,16.063182830810547,-4.26174259185791,0.8827457427978516,0.928892886498943,0.9637908935546875
run_1775441777_b5861162,1775442320.1145704,6.0,995.0,12.0,-0.9637908935546875,0.0,-7.584264755249023,12.696942329406738,16.063182830810547,-4.164780616760254,0.7595008015632629,0.928892886498943,0.9637908935546875
run_1775441777_b5861162,1775442322.626749,6.0,995.0,12.0,-1.0078577995300293,0.0,-7.633840084075928,13.881343841552734,16.063182830810547,-4.0166778564453125,0.6618379354476929,1.0157773440735127,1.0078577995300293
run_1775441777_b5861162,1775442325.1332388,6.0,995.0,12.0,-0.9637908935546875,0.0,-7.584264755249023,12.742170333862305,16.063182830810547,-3.9197161197662354,0.9970476627349854,0.928892886498943,0.9637908935546875
run_1775441777_b5861162,1775442327.6388533,6.0,995.0,12.0,-1.0078577995300293,0.0,-7.633840084075928,13.931280136108398,16.797630310058594,-3.7682886123657227,0.9019397497177124,1.0157773440735127,1.0078577995300293
run_1775441777_b5861162,1775442330.1460917,6.0,995.0,12.0,-1.0078577995300293,0.0,-7.584264755249023,12.783028602600098,16.063182830810547,-3.668445348739624,0.8099764585494995,1.0157773440735127,1.0078577995300293
run_1775441777_b5861162,1775442332.648798,6.0,995.0,12.0,-1.0078577995300293,0.0,-7.633840084075928,12.852205276489258,16.063182830810547,-3.5203428268432617,0.30936604738235474,1.0157773440735127,1.0078577995300293
run_1775441777_b5861162,1775442335.162494,6.0,995.0,12.0,-0.9197392463684082,0.0,-7.584264755249023,12.950060844421387,16.063182830810547,-3.426927328109741,0.29846394062042236,0.8459202813103275,0.9197392463684082
run_1775441777_b5861162,1775442337.6718104,6.0,995.0,12.0,-0.9637908935546875,0.0,-7.584264755249023,13.051692008972168,16.063182830810547,-3.281484603881836,0.2699935734272003,0.928892886498943,0.9637908935546875
run_1775441777_b5861162,1775442340.1824436,6.0,995.0,12.0,-0.9637908935546875,0.0,-7.584264755249023,13.12289810180664,16.063182830810547,-3.1845226287841797,-0.19090253114700317,0.928892886498943,0.9637908935546875
run_1775441777_b5861162,1775442342.6942964,6.0,995.0,12.0,-0.9197392463684082,0.0,-7.5347065925598145,13.28571891784668,16.063182830810547,-3.045286178588867,0.2678236663341522,0.8459202813103275,0.9197392463684082
run_1775441777_b5861162,1775442345.209714,6.0,995.0,12.0,-0.9637908935546875,0.0,-7.584264755249023,13.357133865356445,16.063182830810547,-2.899843454360962,0.23043127357959747,0.928892886498943,0.9637908935546875
run_1775441777_b5861162,1775442347.728846,6.0,995.0,12.0,-0.9197392463684082,0.0,-7.5347065925598145,12.313139915466309,15.328988075256348,-2.8053197860717773,-0.21052877604961395,0.8459202813103275,0.9197392463684082
run_1775441777_b5861162,1775442350.2313867,6.0,995.0,12.0,-0.9197392463684082,0.0,-7.5347065925598145,12.425751686096191,15.328988075256348,-2.6665265560150146,-0.1811356097459793,0.8459202813103275,0.9197392463684082
run_1775441777_b5861162,1775442352.7592833,6.0,995.0,12.0,-0.9197392463684082,0.0,-7.5347065925598145,12.591132164001465,15.328988075256348,-2.573997974395752,-0.16385720670223236,0.8459202813103275,0.9197392463684082
run_1775441777_b5861162,1775442355.2589545,6.0,995.0,12.0,-0.9637908935546875,0.0,-7.584264755249023,13.874223709106445,16.063182830810547,-2.4327664375305176,0.2779991030693054,0.928892886498943,0.9637908935546875
run_1775441777_b5861162,1775442357.7669983,6.0,995.0,12.0,-0.9197392463684082,0.0,-7.5347065925598145,12.837943077087402,15.328988075256348,-2.3400161266326904,-0.1510295569896698,0.8459202813103275,0.9197392463684082
run_1775441777_b5861162,1775442360.2806187,6.0,995.0,12.0,-0.9197392463684082,0.0,-7.5347065925598145,12.944878578186035,15.328988075256348,-2.2012228965759277,-0.12994346022605896,0.8459202813103275,0.9197392463684082
run_1775441777_b5861162,1775442362.7880952,6.0,995.0,12.0,-0.9197392463684082,0.0,-7.5347065925598145,14.277677536010742,16.063182830810547,-2.1084725856781006,0.3229678273200989,0.8459202813103275,0.9197392463684082
run_1775441777_b5861162,1775442365.2966974,6.0,995.0,12.0,-0.9637908935546875,0.0,-7.584264755249023,14.343831062316895,16.063182830810547,-1.9636948108673096,-0.15824544429779053,0.928892886498943,0.9637908935546875
run_1775441777_b5861162,1775442367.834643,6.0,995.0,12.0,-0.9637908935546875,0.0,-7.584264755249023,14.470283508300781,16.063182830810547,-1.8687278032302856,0.2758287489414215,0.928892886498943,0.9637908935546875
run_1775441777_b5861162,1775442370.3444343,6.0,995.0,12.0,-0.9197392463684082,0.0,-7.5347065925598145,13.369953155517578,15.328988075256348,-1.7261664867401123,-0.1774812638759613,0.8459202813103275,0.9197392463684082
run_1775441777_b5861162,1775442372.843594,6.0,995.0,12.0,-0.9197392463684082,0.0,-7.485145092010498,12.375320434570312,14.594738006591797,-1.6356326341629028,-0.5837842226028442,0.8459202813103275,0.9197392463684082
run_1775441777_b5861162,1775442375.3553944,6.0,995.0,12.0,-0.8756842613220215,0.0,-7.485145092010498,12.519103050231934,14.594738006591797,-1.5034891366958618,-0.5022789835929871,0.7668229255270944,0.8756842613220215
run_1775441777_b5861162,1775442377.8744078,6.0,995.0,12.0,-0.8756842613220215,0.0,-7.5347065925598145,13.896047592163086,15.328988075256348,-1.4147285223007202,-0.018211960792541504,0.7668229255270944,0.8756842613220215
run_1775441777_b5861162,1775442380.379126,6.0,995.0,12.0,-0.8756842613220215,0.0,-7.485145092010498,12.834614753723145,14.594738006591797,-1.2805901765823364,-0.41419491171836853,0.7668229255270944,0.8756842613220215
run_1775441777_b5861162,1775442382.8849356,6.0,995.0,12.0,-0.8756842613220215,0.0,-7.5347065925598145,14.202579498291016,15.328988075256348,-1.1922727823257446,0.06586438417434692,0.7668229255270944,0.8756842613220215
run_1775441777_b5861162,1775442385.3821514,6.0,995.0,12.0,-0.9197392463684082,0.0,-7.5347065925598145,14.288825988769531,15.328988075256348,-1.0541446208953857,-0.3794862627983093,0.8459202813103275,0.9197392463684082
run_1775441777_b5861162,1775442387.9077723,6.0,995.0,12.0,-0.8756842613220215,0.0,-7.485145092010498,13.285401344299316,14.594738006591797,-0.9660489559173584,-0.34328725934028625,0.7668229255270944,0.8756842613220215
run_1775441777_b5861162,1775442390.4091177,6.0,995.0,12.0,-0.8316159248352051,0.0,-7.435567855834961,12.234819412231445,15.328988075256348,-0.8363437056541443,0.17091615498065948,0.6915850464395135,0.8316159248352051
run_1775441777_b5861162,1775442392.91412,6.0,995.0,12.0,-0.9197392463684082,0.0,-7.435567855834961,12.405107498168945,13.860265731811523,-0.7460312247276306,-0.7091270089149475,0.8459202813103275,0.9197392463684082
run_1775441777_b5861162,1775442395.413302,6.0,995.0,12.0,-0.9197392463684082,0.0,-7.5347065925598145,14.906813621520996,15.328988075256348,-0.6156600713729858,0.22802738845348358,0.8459202813103275,0.9197392463684082
run_1775441777_b5861162,1775442397.9128015,6.0,995.0,12.0,-0.8756842613220215,0.0,-7.435567855834961,12.692440032958984,13.860265731811523,-0.5271204113960266,-0.6407046318054199,0.7668229255270944,0.8756842613220215
run_1775441777_b5861162,1775442400.420886,6.0,995.0,12.0,-0.8316159248352051,0.0,-7.435567855834961,12.837221145629883,13.860265731811523,-0.4016251862049103,-0.5512521862983704,0.6915850464395135,0.8316159248352051
run_1775441777_b5861162,1775442402.9414427,6.0,995.0,12.0,-0.8316159248352051,0.0,-7.435567855834961,13.043634414672852,13.860265731811523,-0.317962110042572,-0.49866876006126404,0.6915850464395135,0.8316159248352051
run_1775441777_b5861162,1775442405.4460907,6.0,995.0,12.0,-0.8316159248352051,0.0,-7.435567855834961,13.17486572265625,14.594738006591797,-0.1918025016784668,0.007240348495543003,0.6915850464395135,0.8316159248352051
run_1775441777_b5861162,1775442407.9708633,6.0,995.0,12.0,-0.8756842613220215,0.0,-7.435567855834961,13.333931922912598,13.860265731811523,-0.10525766015052795,-0.4210769534111023,0.7668229255270944,0.8756842613220215
run_1775441777_b5861162,1775442410.4776537,6.0,995.0,12.0,-0.7875461578369141,0.0,-7.385989189147949,12.30910873413086,13.12576961517334,0.006768194958567619,-0.7530338764190674,0.6202289507236856,0.7875461578369141
run_1775441777_b5861162,1775442412.998797,6.0,995.0,12.0,-0.8316159248352051,0.0,-7.385989189147949,12.453388214111328,13.12576961517334,0.03403746336698532,-0.2355804145336151,0.6915850464395135,0.8316159248352051
run_1775441777_b5861162,1775442415.5077899,6.0,995.0,12.0,-0.8316159248352051,0.0,-7.435567855834961,13.69758415222168,13.12576961517334,0.0747937262058258,-0.6407490968704224,0.6915850464395135,0.8316159248352051
run_1775441777_b5861162,1775442418.032224,6.0,995.0,12.0,-0.8316159248352051,0.0,-7.435567855834961,13.793752670288086,13.860265731811523,0.10228444635868073,-0.16054467856884003,0.6915850464395135,0.8316159248352051
run_1775441777_b5861162,1775442420.5556624,6.0,995.0,12.0,-0.7875461578369141,0.0,-7.385989189147949,12.67506217956543,13.860265731811523,0.14318834245204926,-0.12001445144414902,0.6202289507236856,0.7875461578369141
run_1775441777_b5861162,1775442423.0853007,6.0,995.0,12.0,-0.7875461578369141,0.0,-7.385989189147949,12.772319793701172,13.12576961517334,0.1700885146856308,-0.4979413151741028,0.6202289507236856,0.7875461578369141
run_1775441777_b5861162,1775442425.6049628,6.0,995.0,12.0,-0.7875461578369141,0.0,-7.385989189147949,12.848644256591797,13.12576961517334,0.20966367423534393,-0.45044299960136414,0.6202289507236856,0.7875461578369141
run_1775441777_b5861162,1775442428.1134968,6.0,995.0,12.0,-0.7875461578369141,0.0,-7.385989189147949,12.954341888427734,13.12576961517334,0.23604710400104523,0.0443950891494751,0.6202289507236856,0.7875461578369141
run_1775441777_b5861162,1775442430.6092644,6.0,995.0,12.0,-0.8316159248352051,0.0,-7.435567855834961,14.166027069091797,13.860265731811523,0.2774680256843567,0.04016026854515076,0.6915850464395135,0.8316159248352051
run_1775441777_b5861162,1775442433.118522,6.0,995.0,12.0,-0.7434768676757812,0.0,-7.336411476135254,11.916966438293457,12.391281127929688,0.302818238735199,-0.7391388416290283,0.5527578527689911,0.7434768676757812
run_1775441777_b5861162,1775442435.6266403,6.0,995.0,12.0,-0.7434768676757812,0.0,-7.336411476135254,13.225468635559082,13.12576961517334,0.3406958281993866,-0.2409970462322235,0.5527578527689911,0.7434768676757812
run_1775441777_b5861162,1775442438.14159,6.0,995.0,12.0,-0.7434768676757812,0.0,-7.336411476135254,12.128418922424316,12.391281127929688,0.3659721612930298,-0.5980917811393738,0.5527578527689911,0.7434768676757812
run_1775441777_b5861162,1775442440.6425154,6.0,995.0,12.0,-0.8316159248352051,0.0,-7.435567855834961,12.204914093017578,12.391281127929688,0.4051046073436737,-0.5914716720581055,0.6915850464395135,0.8316159248352051
run_1775441777_b5861162,1775442443.1569138,6.0,995.0,12.0,-0.7434768676757812,0.0,-7.385989189147949,13.444765090942383,13.12576961517334,0.4306761622428894,-0.5338571667671204,0.5527578527689911,0.7434768676757812
run_1775441777_b5861162,1775442445.6816645,6.0,995.0,12.0,-0.7434768676757812,0.0,-7.336411476135254,12.376606941223145,12.391281127929688,0.46825850009918213,-0.48293280601501465,0.5527578527689911,0.7434768676757812
run_1775441777_b5861162,1775442448.2120187,6.0,995.0,12.0,-0.7434768676757812,0.0,-7.336411476135254,12.447580337524414,12.391281127929688,0.505619466304779,-0.41550788283348083,0.5527578527689911,0.7434768676757812
run_1775441777_b5861162,1775442450.7256842,6.0,995.0,12.0,-0.7434768676757812,0.0,-7.336411476135254,12.545934677124023,12.391281127929688,0.5305267572402954,-0.37587279081344604,0.5527578527689911,0.7434768676757812
run_1775441777_b5861162,1775442453.2495542,6.0,995.0,12.0,-0.7434768676757812,0.0,-7.336411476135254,12.606695175170898,12.391281127929688,0.5678876638412476,-0.3233950138092041,0.5527578527689911,0.7434768676757812
run_1775441777_b5861162,1775442455.7842052,6.0,995.0,12.0,-0.7434768676757812,0.0,-7.336411476135254,12.691529273986816,12.391281127929688,0.5927949547767639,-0.29254645109176636,0.5527578527689911,0.7434768676757812
run_1775441777_b5861162,1775442458.3054106,6.0,995.0,12.0,-0.7434768676757812,0.0,-7.336411476135254,12.744342803955078,12.391281127929688,0.6301559209823608,-0.25170236825942993,0.5527578527689911,0.7434768676757812
run_1775441777_b5861162,1775442460.7999895,6.0,995.0,12.0,-0.7875461578369141,0.0,-7.385989189147949,13.961122512817383,13.12576961517334,0.656317949295044,0.1790362447500229,0.6202289507236856,0.7875461578369141
run_1775441777_b5861162,1775442463.316405,6.0,995.0,12.0,-0.7434768676757812,0.0,-7.336411476135254,12.811904907226562,12.391281127929688,0.6944907307624817,-0.24863170087337494,0.5527578527689911,0.7434768676757812
run_1775441777_b5861162,1775442465.8320103,6.0,995.0,12.0,-0.7434768676757812,0.0,-7.336411476135254,12.885764122009277,12.391281127929688,0.719398021697998,-0.22491484880447388,0.5527578527689911,0.7434768676757812
run_1775441777_b5861162,1775442468.3959036,6.0,995.0,12.0,-0.7875461578369141,0.0,-7.385989189147949,14.094768524169922,12.391281127929688,0.757939875125885,-0.2274768352508545,0.6202289507236856,0.7875461578369141
run_1775441777_b5861162,1775442470.9640527,6.0,995.0,12.0,-0.7434768676757812,0.0,-7.336411476135254,12.968351364135742,12.391281127929688,0.7828471064567566,-0.1957174837589264,0.5527578527689911,0.7434768676757812
run_1775441777_b5861162,1775442473.487581,6.0,995.0,12.0,-0.7434768676757812,0.0,-7.336411476135254,13.012887954711914,12.391281127929688,0.8202080726623535,-0.17704810202121735,0.5527578527689911,0.7434768676757812
run_1775441777_b5861162,1775442476.015164,6.0,995.0,12.0,-0.7875461578369141,0.0,-7.336411476135254,13.052159309387207,12.391281127929688,0.8460016250610352,-0.1760731190443039,0.6202289507236856,0.7875461578369141
run_1775441777_b5861162,1775442478.5341442,6.0,995.0,12.0,-0.7434768676757812,0.0,-7.336411476135254,13.094724655151367,12.391281127929688,0.8833625316619873,-0.15927760303020477,0.5527578527689911,0.7434768676757812
run_1775441777_b5861162,1775442481.0492423,6.0,995.0,12.0,-0.7434768676757812,0.0,-7.385989189147949,14.330720901489258,13.12576961517334,0.9083436727523804,0.2821071445941925,0.5527578527689911,0.7434768676757812
run_1775441777_b5861162,1775442483.572212,6.0,995.0,12.0,-0.7434768676757812,0.0,-7.336411476135254,13.1702880859375,12.391281127929688,0.9465169906616211,-0.14747463166713715,0.5527578527689911,0.7434768676757812
run_1775441777_b5861162,1775442486.102801,6.0,995.0,12.0,-0.7434768676757812,0.0,-7.336411476135254,13.22929859161377,12.391281127929688,0.9714242815971375,-0.1268848329782486,0.5527578527689911,0.7434768676757812
run_1775441777_b5861162,1775442488.6192188,6.0,995.0,12.0,-0.7434768676757812,0.0,-7.336411476135254,13.285284996032715,12.391281127929688,1.0087852478027344,-0.11478136479854584,0.5527578527689911,0.7434768676757812
run_1775441777_b5861162,1775442491.140137,6.0,995.0,12.0,-0.7434768676757812,0.0,-7.336411476135254,13.32114028930664,12.391281127929688,1.033692479133606,0.33754050731658936,0.5527578527689911,0.7434768676757812
run_1775441777_b5861162,1775442493.6657321,6.0,995.0,12.0,-0.7875461578369141,0.0,-7.385989189147949,14.503865242004395,13.12576961517334,1.0727521181106567,0.3053426146507263,0.6202289507236856,0.7875461578369141
run_1775441777_b5861162,1775442496.1879814,6.0,995.0,12.0,-0.7434768676757812,0.0,-7.336411476135254,13.362558364868164,12.391281127929688,1.0977332592010498,0.3204193115234375,0.5527578527689911,0.7434768676757812
run_1775441777_b5861162,1775442498.7096019,6.0,995.0,12.0,-0.7875461578369141,0.0,-7.385989189147949,13.393746376037598,12.391281127929688,1.135980486869812,-0.13351552188396454,0.6202289507236856,0.7875461578369141
run_1775441777_b5861162,1775442501.220479,6.0,995.0,12.0,-0.7875461578369141,0.0,-7.385989189147949,14.581804275512695,13.12576961517334,1.1750400066375732,0.2798038125038147,0.6202289507236856,0.7875461578369141
run_1775441777_b5861162,1775442503.7264855,6.0,995.0,12.0,-0.7434768676757812,0.0,-7.336411476135254,14.612751007080078,13.12576961517334,1.2002427577972412,0.2867383062839508,0.5527578527689911,0.7434768676757812
run_1775441777_b5861162,1775442506.2541153,6.0,995.0,12.0,-0.7875461578369141,0.0,-7.385989189147949,14.61178207397461,13.12576961517334,1.239154577255249,-0.1766650676727295,0.6202289507236856,0.7875461578369141
run_1775441777_b5861162,1775442508.7668998,6.0,995.0,12.0,-0.7875461578369141,0.0,-7.385989189147949,13.47068977355957,12.391281127929688,1.2649481296539307,-0.18553945422172546,0.6202289507236856,0.7875461578369141
run_1775441777_b5861162,1775442511.2929025,6.0,995.0,12.0,-0.7875461578369141,0.0,-7.385989189147949,14.671818733215332,13.12576961517334,1.3034907579421997,-0.19326014816761017,0.6202289507236856,0.7875461578369141
run_1775441777_b5861162,1775442513.8230417,6.0,995.0,12.0,-0.7434768676757812,0.0,-7.336411476135254,13.544854164123535,12.391281127929688,1.3283979892730713,-0.17482517659664154,0.5527578527689911,0.7434768676757812
run_1775441777_b5861162,1775442516.330635,6.0,995.0,12.0,-0.7875461578369141,0.0,-7.385989189147949,14.757445335388184,13.12576961517334,1.366571307182312,-0.616849958896637,0.6202289507236856,0.7875461578369141
run_1775441777_b5861162,1775442518.8300278,6.0,995.0,12.0,-0.6994061470031738,0.0,-7.336411476135254,13.655601501464844,12.391281127929688,1.3903708457946777,-0.12605057656764984,0.4891689584658252,0.6994061470031738
run_1775441777_b5861162,1775442521.358325,6.0,995.0,12.0,-0.6994061470031738,0.0,-7.286831855773926,12.542080879211426,11.656769752502441,1.4260331392288208,-0.5031432509422302,0.4891689584658252,0.6994061470031738
run_1775441777_b5861162,1775442523.8736458,6.0,995.0,12.0,-0.6994061470031738,0.0,-7.336411476135254,13.822128295898438,12.391281127929688,1.4496848583221436,-0.018837878480553627,0.4891689584658252,0.6994061470031738
run_1775441777_b5861162,1775442526.381234,6.0,995.0,12.0,-0.6994061470031738,0.0,-7.286831855773926,12.694347381591797,11.656769752502441,1.4858641624450684,0.017082687467336655,0.4891689584658252,0.6994061470031738
run_1775441777_b5861162,1775442528.9178076,6.0,995.0,12.0,-0.6994061470031738,0.0,-7.286831855773926,12.767054557800293,11.656769752502441,1.5098114013671875,-0.3995264768600464,0.4891689584658252,0.6994061470031738
run_1775441777_b5861162,1775442531.441463,6.0,995.0,12.0,-0.7434768676757812,0.0,-7.336411476135254,13.995434761047363,12.391281127929688,1.5460644960403442,0.0670938491821289,0.5527578527689911,0.7434768676757812
run_1775441777_b5861162,1775442533.9691188,6.0,995.0,12.0,-0.7434768676757812,0.0,-7.336411476135254,14.02294635772705,12.391281127929688,1.5709717273712158,-0.3742319941520691,0.5527578527689911,0.7434768676757812
run_1775441777_b5861162,1775442536.4917746,6.0,995.0,12.0,-0.7434768676757812,0.0,-7.336411476135254,14.066650390625,11.656769752502441,1.6073737144470215,-0.3642614483833313,0.5527578527689911,0.7434768676757812
run_1775441777_b5861162,1775442539.0164695,6.0,995.0,12.0,-0.6994061470031738,0.0,-7.286831855773926,12.958060264587402,11.656769752502441,1.6308058500289917,-0.3134048283100128,0.4891689584658252,0.6994061470031738
run_1775441777_b5861162,1775442541.532779,6.0,995.0,12.0,-0.6994061470031738,0.0,-7.286831855773926,13.012925148010254,11.656769752502441,1.6659538745880127,-0.28350937366485596,0.4891689584658252,0.6994061470031738
run_1775441777_b5861162,1775442544.0685637,6.0,995.0,12.0,-0.7434768676757812,0.0,-7.336411476135254,14.2361478805542,12.391281127929688,1.6904923915863037,0.1468273103237152,0.5527578527689911,0.7434768676757812
run_1775441777_b5861162,1775442546.6013336,6.0,995.0,12.0,-0.7434768676757812,0.0,-7.336411476135254,14.246329307556152,11.656769752502441,1.7274845838546753,-0.2991369962692261,0.5527578527689911,0.7434768676757812
run_1775441777_b5861162,1775442549.1055448,6.0,995.0,12.0,-0.7875461578369141,0.0,-7.385989189147949,15.437947273254395,13.12576961517334,1.752834439277649,0.5319969058036804,0.6202289507236856,0.7875461578369141
run_1775441777_b5861162,1775442551.6146867,6.0,995.0,12.0,-0.7434768676757812,0.0,-7.336411476135254,14.253005027770996,12.391281127929688,1.7913017272949219,0.0704231858253479,0.5527578527689911,0.7434768676757812
run_1775441777_b5861162,1775442554.1404874,6.0,995.0,12.0,-0.7434768676757812,0.0,-7.385989189147949,15.433837890625,13.12576961517334,1.8167253732681274,-0.3965831696987152,0.5527578527689911,0.7434768676757812
run_1775441777_b5861162,1775442556.68971,6.0,995.0,12.0,-0.6994061470031738,0.0,-7.286831855773926,13.150628089904785,11.656769752502441,1.8526110649108887,-0.35875338315963745,0.4891689584658252,0.6994061470031738
run_1775441777_b5861162,1775442559.2101722,6.0,995.0,12.0,-0.6994061470031738,0.0,-7.286831855773926,13.208280563354492,11.656769752502441,1.8879804611206055,0.12764491140842438,0.4891689584658252,0.6994061470031738
run_1775441777_b5861162,1775442561.7191737,6.0,995.0,12.0,-0.7434768676757812,0.0,-7.336411476135254,14.419637680053711,12.391281127929688,1.9128878116607666,0.11546893417835236,0.5527578527689911,0.7434768676757812
run_1775441777_b5861162,1775442564.234634,6.0,995.0,12.0,-0.6994061470031738,0.0,-7.336411476135254,14.458115577697754,12.391281127929688,1.9493635892868042,0.1235729530453682,0.4891689584658252,0.6994061470031738
run_1775441777_b5861162,1775442566.7473717,6.0,995.0,12.0,-0.6994061470031738,0.0,-7.286831855773926,14.501668930053711,12.391281127929688,1.9733856916427612,0.1370019167661667,0.4891689584658252,0.6994061470031738
run_1775441777_b5861162,1775442569.282661,6.0,995.0,12.0,-0.6994061470031738,0.0,-7.286831855773926,13.354948043823242,11.656769752502441,2.010377883911133,0.5704751014709473,0.4891689584658252,0.6994061470031738
run_1775441777_b5861162,1775442571.8016036,6.0,995.0,12.0,-0.6994061470031738,0.0,-7.286831855773926,13.385706901550293,11.656769752502441,2.0345475673675537,-0.30560916662216187,0.4891689584658252,0.6994061470031738
run_1775441777_b5861162,1775442574.327887,6.0,995.0,12.0,-0.7434768676757812,0.0,-7.336411476135254,14.552810668945312,12.391281127929688,2.0727198123931885,0.09631257504224777,0.5527578527689911,0.7434768676757812
run_1775441777_b5861162,1775442576.8590696,6.0,995.0,12.0,-0.7434768676757812,0.0,-7.336411476135254,14.576034545898438,12.391281127929688,2.0976271629333496,0.08712536841630936,0.5527578527689911,0.7434768676757812
run_1775441777_b5861162,1775442579.3750725,6.0,995.0,12.0,-0.7434768676757812,0.0,-7.336411476135254,14.616961479187012,12.391281127929688,2.1341030597686768,0.09894496947526932,0.5527578527689911,0.7434768676757812
run_1775441777_b5861162,1775442581.8843374,6.0,995.0,12.0,-0.6994061470031738,0.0,-7.286831855773926,13.501199722290039,11.656769752502441,2.1576087474823,-0.3131781816482544,0.4891689584658252,0.6994061470031738
run_1775441777_b5861162,1775442584.4227781,6.0,995.0,12.0,-0.7434768676757812,0.0,-7.336411476135254,14.700963973999023,11.656769752502441,2.193937063217163,-0.30208319425582886,0.5527578527689911,0.7434768676757812
run_1775441777_b5861162,1775442586.9555247,6.0,995.0,12.0,-0.7434768676757812,0.0,-7.286831855773926,13.576539993286133,11.656769752502441,2.218254327774048,-0.2984841465950012,0.5527578527689911,0.7434768676757812
run_1775441777_b5861162,1775442589.473484,6.0,995.0,12.0,-0.7434768676757812,0.0,-7.336411476135254,14.787003517150879,11.656769752502441,2.2542874813079834,-0.2817760705947876,0.5527578527689911,0.7434768676757812
run_1775441777_b5861162,1775442591.9938767,6.0,995.0,12.0,-0.6994061470031738,0.0,-7.286831855773926,13.679591178894043,11.656769752502441,2.277719497680664,0.18094831705093384,0.4891689584658252,0.6994061470031738
run_1775441777_b5861162,1775442594.496234,6.0,995.0,12.0,-0.6994061470031738,0.0,-7.286831855773926,13.703258514404297,11.656769752502441,2.3137528896331787,-0.24305428564548492,0.4891689584658252,0.6994061470031738
run_1775441777_b5861162,1775442597.016795,6.0,995.0,12.0,-0.6994061470031738,0.0,-7.336411476135254,14.93264389038086,12.391281127929688,2.337848663330078,-0.23408503830432892,0.4891689584658252,0.6994061470031738
run_1775441777_b5861162,1775442599.5518932,6.0,995.0,12.0,-0.7875461578369141,0.0,-7.385989189147949,16.146177291870117,13.12576961517334,2.3748409748077393,0.6265519857406616,0.6202289507236856,0.7875461578369141
run_1775441777_b5861162,1775442602.0646918,6.0,995.0,12.0,-0.7434768676757812,0.0,-7.336411476135254,14.955216407775879,12.391281127929688,2.3998219966888428,0.1560903638601303,0.5527578527689911,0.7434768676757812
run_1775441777_b5861162,1775442604.5863588,6.0,995.0,12.0,-0.7434768676757812,0.0,-7.336411476135254,14.964468955993652,13.12576961517334,2.4378466606140137,0.5645712614059448,0.5527578527689911,0.7434768676757812
run_1775441777_b5861162,1775442607.110413,6.0,995.0,12.0,-0.7434768676757812,0.0,-7.336411476135254,14.958244323730469,12.391281127929688,2.462975263595581,0.0989043116569519,0.5527578527689911,0.7434768676757812
run_1775441777_b5861162,1775442609.614518,6.0,995.0,12.0,-0.7434768676757812,0.0,-7.336411476135254,13.818408966064453,11.656769752502441,2.4998199939727783,-0.33817988634109497,0.5527578527689911,0.7434768676757812
run_1775441777_b5861162,1775442612.1507368,6.0,995.0,12.0,-0.6994061470031738,0.0,-7.286831855773926,13.874099731445312,11.656769752502441,2.523252010345459,-0.29096469283103943,0.4891689584658252,0.6994061470031738
run_1775441777_b5861162,1775442614.663914,6.0,995.0,12.0,-0.7434768676757812,0.0,-7.336411476135254,13.91917610168457,11.656769752502441,2.5595803260803223,-0.29717445373535156,0.5527578527689911,0.7434768676757812
run_1775441777_b5861162,1775442617.1793559,6.0,995.0,12.0,-0.6994061470031738,0.0,-7.286831855773926,13.970954895019531,11.656769752502441,2.583012342453003,-0.2556842863559723,0.4891689584658252,0.6994061470031738
run_1775441777_b5861162,1775442619.687199,6.0,995.0,12.0,-0.6994061470031738,0.0,-7.286831855773926,14.043635368347168,11.656769752502441,2.6181604862213135,-0.2312946617603302,0.4891689584658252,0.6994061470031738
run_1775441777_b5861162,1775442622.217226,6.0,995.0,12.0,-0.6994061470031738,0.0,-7.286831855773926,14.089129447937012,11.656769752502441,2.6533823013305664,0.241704523563385,0.4891689584658252,0.6994061470031738
run_1775441777_b5861162,1775442624.7223458,6.0,995.0,12.0,-0.7434768676757812,0.0,-7.336411476135254,15.28821849822998,12.391281127929688,2.6782896518707275,0.21864843368530273,0.5527578527689911,0.7434768676757812
run_1775441777_b5861162,1775442627.2262611,6.0,995.0,12.0,-0.6994061470031738,0.0,-7.336411476135254,15.31711196899414,12.391281127929688,2.7147655487060547,0.21259109675884247,0.4891689584658252,0.6994061470031738
run_1775441777_b5861162,1775442629.739419,6.0,995.0,12.0,-0.6994061470031738,0.0,-7.286831855773926,15.355711936950684,12.391281127929688,2.738492488861084,0.2259381115436554,0.4891689584658252,0.6994061470031738
run_1775441777_b5861162,1775442632.252102,6.0,995.0,12.0,-0.6994061470031738,0.0,-7.286831855773926,14.204582214355469,11.656769752502441,2.7743046283721924,-0.20427443087100983,0.4891689584658252,0.6994061470031738
run_1775441777_b5861162,1775442634.7594016,6.0,995.0,12.0,-0.7434768676757812,0.0,-7.336411476135254,14.244874954223633,11.656769752502441,2.798621654510498,-0.21051602065563202,0.5527578527689911,0.7434768676757812
run_1775441777_b5861162,1775442637.2882793,6.0,995.0,12.0,-0.6994061470031738,0.0,-7.286831855773926,14.2883882522583,11.656769752502441,2.833991050720215,0.2551860809326172,0.4891689584658252,0.6994061470031738
run_1775441777_b5861162,1775442639.7955704,6.0,995.0,12.0,-0.6994061470031738,0.0,-7.286831855773926,14.326539993286133,11.656769752502441,2.8580870628356934,-0.1883166879415512,0.4891689584658252,0.6994061470031738
run_1775441777_b5861162,1775442642.3047976,6.0,995.0,12.0,-0.6994061470031738,0.0,-7.286831855773926,14.367935180664062,11.656769752502441,2.893235206604004,-0.16202469170093536,0.4891689584658252,0.6994061470031738
run_1775441777_b5861162,1775442644.8191848,6.0,995.0,12.0,-0.6994061470031738,0.0,-7.286831855773926,14.426867485046387,11.656769752502441,2.9166672229766846,-0.14656925201416016,0.4891689584658252,0.6994061470031738
run_1775441777_b5861162,1775442647.3463314,6.0,995.0,12.0,-0.6994061470031738,0.0,-7.286831855773926,14.46428108215332,11.656769752502441,2.951815366744995,-0.1261058896780014,0.4891689584658252,0.6994061470031738
run_1775441777_b5861162,1775442649.868852,6.0,995.0,12.0,-0.6994061470031738,0.0,-7.336411476135254,15.688983917236328,12.391281127929688,2.975468635559082,0.32223403453826904,0.4891689584658252,0.6994061470031738
run_1775441777_b5861162,1775442652.3796308,6.0,995.0,12.0,-0.6994061470031738,0.0,-7.286831855773926,14.528669357299805,11.656769752502441,3.0112807750701904,-0.12142292410135269,0.4891689584658252,0.6994061470031738
run_1775441777_b5861162,1775442654.8972125,6.0,995.0,12.0,-0.6994061470031738,0.0,-7.336411476135254,15.756935119628906,12.391281127929688,3.0347864627838135,0.3308663070201874,0.4891689584658252,0.6994061470031738
run_1775441777_b5861162,1775442657.4030874,6.0,995.0,12.0,-0.7434768676757812,0.0,-7.336411476135254,15.750280380249023,11.656769752502441,3.0719261169433594,-0.1516384482383728,0.5527578527689911,0.7434768676757812
run_1775441777_b5861162,1775442659.897408,6.0,995.0,12.0,-0.7434768676757812,0.0,-7.336411476135254,15.769436836242676,12.391281127929688,3.0961697101593018,0.2819870412349701,0.5527578527689911,0.7434768676757812
run_1775441777_b5861162,1775442662.4284093,6.0,995.0,12.0,-0.6994061470031738,0.0,-7.286831855773926,14.620987892150879,11.656769752502441,3.1316864490509033,-0.14813704788684845,0.4891689584658252,0.6994061470031738
run_1775441777_b5861162,1775442664.9432905,6.0,995.0,12.0,-0.6994061470031738,0.0,-7.336411476135254,15.844720840454102,12.391281127929688,3.155487298965454,0.29795223474502563,0.4891689584658252,0.6994061470031738
run_1775441777_b5861162,1775442667.4579942,6.0,995.0,12.0,-0.7434768676757812,0.0,-7.336411476135254,15.841206550598145,12.391281127929688,3.1928484439849854,0.25635334849357605,0.5527578527689911,0.7434768676757812
run_1775441777_b5861162,1775442669.9636552,6.0,995.0,12.0,-0.6994061470031738,0.0,-7.336411476135254,15.865521430969238,12.391281127929688,3.2168705463409424,-0.19591905176639557,0.4891689584658252,0.6994061470031738
run_1775441777_b5861162,1775442672.479078,6.0,995.0,12.0,-0.6994061470031738,0.0,-7.286831855773926,14.711395263671875,12.391281127929688,3.253051280975342,0.2547280788421631,0.4891689584658252,0.6994061470031738
run_1775441777_b5861162,1775442674.9963293,6.0,995.0,12.0,-0.7434768676757812,0.0,-7.336411476135254,15.899669647216797,12.391281127929688,3.277958631515503,0.21916408836841583,0.5527578527689911,0.7434768676757812
run_1775441777_b5861162,1775442677.4991987,6.0,995.0,12.0,-0.6994061470031738,0.0,-7.286831855773926,14.735756874084473,10.922479629516602,3.3139917850494385,-0.6487606167793274,0.4891689584658252,0.6994061470031738
