Date/Time;Temperature;Setpoint Temperature °C;Temperature Control (P) %;Temperature Control (I) %;Temperature Control (D) %
18.01.26 19:15:13;26,37;0,00;-100,00;0,00;0,13
18.01.26 19:15:15;26,37;0,00;-100,00;0,00;0,12
18.01.26 19:15:17;26,37;0,00;-100,00;0,00;0,11
18.01.26 19:15:20;26,37;0,00;-100,00;0,00;0,10
18.01.26 19:15:22;26,37;0,00;-100,00;0,00;0,09
18.01.26 19:15:24;26,37;0,00;-100,00;0,00;0,08
18.01.26 19:15:26;26,37;0,00;-100,00;0,00;0,07
18.01.26 19:15:28;26,37;0,00;-100,00;0,00;0,06
18.01.26 19:15:30;26,37;0,00;-100,00;0,00;0,06
18.01.26 19:15:32;26,37;0,00;-100,00;0,00;0,05
18.01.26 19:15:34;26,37;0,00;-100,00;0,00;0,05
18.01.26 19:15:36;26,37;0,00;-100,00;0,00;0,04
18.01.26 19:15:38;26,37;0,00;-100,00;0,00;0,04
18.01.26 19:15:40;26,37;0,00;-100,00;0,00;0,03
18.01.26 19:15:42;26,37;0,00;-100,00;0,00;0,03
18.01.26 19:15:44;26,37;0,00;-100,00;0,00;0,03
18.01.26 19:15:46;26,37;0,00;-100,00;0,00;0,03
18.01.26 19:15:48;26,37;0,00;-100,00;0,00;0,02
18.01.26 19:15:50;26,37;0,00;-100,00;0,00;0,02
18.01.26 19:15:52;26,27;0,00;-100,00;0,00;0,00
18.01.26 19:15:54;26,37;0,00;-100,00;0,00;0,00
18.01.26 19:15:57;26,37;0,00;-100,00;0,00;0,00
18.01.26 19:15:59;26,37;0,00;-100,00;0,00;0,00
18.01.26 19:16:01;26,37;0,00;-100,00;0,00;0,00
18.01.26 19:16:03;26,32;0,00;-100,00;0,00;-0,01
18.01.26 19:16:05;26,37;0,00;-100,00;0,00;-0,01
18.01.26 19:16:07;26,37;0,00;-100,00;0,00;-0,01
18.01.26 19:16:09;26,37;0,00;-100,00;0,00;-0,01
18.01.26 19:16:11;26,32;0,00;-100,00;0,00;0,14
18.01.26 19:16:13;26,32;0,00;-100,00;0,00;0,13
18.01.26 19:16:15;26,32;0,00;-100,00;0,00;0,11
18.01.26 19:16:17;26,32;0,00;-100,00;0,00;0,10
18.01.26 19:16:19;26,32;0,00;-100,00;0,00;0,09
18.01.26 19:16:21;26,32;0,00;-100,00;0,00;0,22
18.01.26 19:16:23;26,27;0,00;-100,00;0,00;0,20
18.01.26 19:16:25;26,27;0,00;-100,00;0,00;0,33
18.01.26 19:16:27;26,22;0,00;-100,00;0,00;0,45
18.01.26 19:16:29;26,17;0,00;-100,00;0,00;0,55
18.01.26 19:16:31;26,07;0,00;-100,00;0,00;0,78
18.01.26 19:16:34;26,02;0,00;-100,00;0,00;1,00
18.01.26 19:16:36;25,82;0,00;-100,00;0,00;1,33
18.01.26 19:16:38;25,77;0,00;-100,00;0,00;1,49
18.01.26 19:16:40;25,52;0,00;-100,00;0,00;2,07
18.01.26 19:16:42;25,42;0,00;-100,00;0,00;2,31
18.01.26 19:16:44;24,92;0,00;-100,00;0,00;3,11
18.01.26 19:16:46;24,77;0,00;-100,00;0,00;3,25
18.01.26 19:16:48;24,37;0,00;-100,00;0,00;4,10
18.01.26 19:16:50;24,17;0,00;-100,00;0,00;4,68
18.01.26 19:16:52;23,72;0,00;-100,00;0,00;4,94
18.01.26 19:16:54;23,52;0,00;-100,00;0,00;5,77
18.01.26 19:16:56;23,27;0,00;-100,00;0,00;5,80
18.01.26 19:16:58;22,77;0,00;-100,00;0,00;6,82
18.01.26 19:17:00;22,52;0,00;-100,00;0,00;6,89
18.01.26 19:17:02;22,02;0,00;-100,00;0,00;7,82
18.01.26 19:17:04;21,72;0,00;-100,00;0,00;7,94
18.01.26 19:17:07;21,17;0,00;-100,00;0,00;8,76
18.01.26 19:17:09;20,87;0,00;-100,00;0,00;8,80
18.01.26 19:17:11;20,27;0,00;-100,00;0,00;9,68
18.01.26 19:17:13;19,97;0,00;-100,00;0,00;9,48
18.01.26 19:17:15;19,42;0,00;-100,00;0,00;9,41
18.01.26 19:17:17;19,12;0,00;-100,00;0,00;10,20
18.01.26 19:17:19;18,52;0,00;-100,00;0,00;10,06
18.01.26 19:17:21;17,92;0,00;-100,00;0,00;10,78
18.01.26 19:17:23;17,62;0,00;-100,00;0,00;10,93
18.01.26 19:17:25;17,02;0,00;-100,00;0,00;11,59
18.01.26 19:17:27;16,72;0,00;-100,00;0,00;11,20
18.01.26 19:17:29;16,17;0,00;-100,00;0,00;11,85
18.01.26 19:17:31;15,87;0,00;-100,00;0,00;11,58
18.01.26 19:17:34;15,28;0,00;-100,00;0,00;12,04
18.01.26 19:17:36;15,03;0,00;-100,00;0,00;11,75
18.01.26 19:17:38;14,48;0,00;-100,00;0,00;12,06
18.01.26 19:17:40;14,23;0,00;-100,00;0,00;11,77
18.01.26 19:17:42;13,68;0,00;-100,00;0,00;12,08
18.01.26 19:17:44;13,43;0,00;-100,00;0,00;11,64
18.01.26 19:17:46;12,63;0,00;-100,00;0,00;12,12
18.01.26 19:17:48;12,38;0,00;-100,00;0,00;11,68
18.01.26 19:17:50;11,93;0,00;-100,00;-0,04;11,28
18.01.26 19:17:52;11,68;0,00;-100,00;-0,43;11,62
18.01.26 19:17:54;11,19;0,00;-100,00;-1,00;11,22
18.01.26 19:17:56;10,99;0,00;-100,00;-1,37;11,43
18.01.26 19:17:58;10,49;0,00;-100,00;-1,72;11,05
18.01.26 19:18:00;10,29;0,00;-100,00;-2,06;11,28
18.01.26 19:18:02;9,84;0,00;-98,41;-2,39;10,77
18.01.26 19:18:05;9,64;0,00;-93,93;-2,71;11,04
18.01.26 19:18:07;9,19;0,00;-91,93;-3,02;10,55
18.01.26 19:18:09;8,99;0,00;-87,95;-3,32;10,69
18.01.26 19:18:11;8,60;0,00;-85,96;-3,61;10,23
18.01.26 19:18:13;8,40;0,00;-81,97;-3,89;10,40
18.01.26 19:18:15;8,00;0,00;-79,98;-4,16;9,98
18.01.26 19:18:17;7,65;0,00;-76,50;-4,42;10,03
18.01.26 19:18:19;7,45;0,00;-74,51;-4,68;9,65
18.01.26 19:18:21;7,05;0,00;-70,52;-4,92;9,39
18.01.26 19:18:23;6,90;0,00;-69,03;-5,15;9,49
18.01.26 19:18:25;6,50;0,00;-65,05;-5,37;9,14
18.01.26 19:18:27;6,31;0,00;-63,06;-5,69;9,25
18.01.26 19:18:29;6,16;0,00;-61,56;-5,89;8,80
18.01.26 19:18:31;5,81;0,00;-58,08;-6,09;8,94
18.01.26 19:18:33;5,66;0,00;-56,59;-6,27;8,52
18.01.26 19:18:35;5,31;0,00;-51,61;-6,45;8,69
18.01.26 19:18:38;5,16;0,00;-50,12;-6,62;8,29
18.01.26 19:18:40;4,86;0,00;-47,14;-6,78;8,35
18.01.26 19:18:42;4,71;0,00;-45,64;-6,93;7,98
18.01.26 19:18:44;4,42;0,00;-42,66;-7,08;8,07
18.01.26 19:18:46;4,27;0,00;-41,17;-7,22;7,73
18.01.26 19:18:48;3,82;0,00;-38,18;-7,35;7,85
18.01.26 19:18:50;3,67;0,00;-36,69;-7,48;7,53
18.01.26 19:18:52;3,37;0,00;-33,71;-7,60;7,29
18.01.26 19:18:54;3,27;0,00;-32,71;-7,71;7,30
18.01.26 19:18:56;2,97;0,00;-29,73;-7,86;7,03
18.01.26 19:18:58;2,82;0,00;-28,24;-7,95;7,20
18.01.26 19:19:00;2,53;0,00;-25,26;-8,04;6,93
18.01.26 19:19:02;2,38;0,00;-22,77;-8,12;6,97
18.01.26 19:19:04;2,13;0,00;-21,28;-8,19;6,73
18.01.26 19:19:07;1,98;0,00;-18,30;-8,26;6,94
18.01.26 19:19:09;1,73;0,00;-17,31;-8,31;6,56
18.01.26 19:19:11;1,63;0,00;-14,82;-8,37;6,64
18.01.26 19:19:13;1,38;0,00;-13,83;-8,42;6,29
18.01.26 19:19:15;1,23;0,00;-11,34;-8,46;6,39
18.01.26 19:19:17;1,03;0,00;-10,35;-8,49;6,06
18.01.26 19:19:19;0,79;0,00;-7,86;-8,52;6,20
18.01.26 19:19:21;0,69;0,00;-6,87;-8,55;5,89
18.01.26 19:19:23;0,49;0,00;-4,88;-8,57;5,90
18.01.26 19:19:25;0,39;0,00;-3,89;-8,58;5,64
18.01.26 19:19:27;0,14;0,00;-1,41;-8,59;5,81
18.01.26 19:19:29;0,04;0,00;-0,41;-8,59;5,55
18.01.26 19:19:31;-0,16;0,00;1,57;-8,59;5,30
18.01.26 19:19:33;-0,31;0,00;3,06;-8,55;5,50
18.01.26 19:19:35;-0,50;0,00;5,05;-8,50;5,25
18.01.26 19:19:37;-0,60;0,00;6,04;-8,44;5,17
18.01.26 19:19:39;-0,75;0,00;7,53;-8,37;4,95
18.01.26 19:19:41;-0,80;0,00;8,53;-8,28;4,76
18.01.26 19:19:44;-0,95;0,00;9,52;-8,19;4,59
18.01.26 19:19:46;-1,00;0,00;10,51;-8,09;4,43
18.01.26 19:19:48;-1,05;0,00;11,50;-7,98;4,29
18.01.26 19:19:50;-1,20;0,00;12,50;-7,86;4,17
18.01.26 19:19:52;-1,25;0,00;13,49;-7,73;4,05
18.01.26 19:19:54;-1,50;0,00;14,98;-7,59;4,09
18.01.26 19:19:56;-1,55;0,00;15,48;-7,43;3,85
18.01.26 19:19:58;-1,70;0,00;16,97;-7,27;3,91
18.01.26 19:20:00;-1,75;0,00;17,46;-7,10;3,68
18.01.26 19:20:02;-1,85;0,00;18,46;-6,92;3,43
18.01.26 19:20:04;-1,94;0,00;19,45;-6,73;3,52
18.01.26 19:20:06;-2,04;0,00;20,44;-6,53;3,33
18.01.26 19:20:08;-2,09;0,00;20,94;-6,32;3,43
18.01.26 19:20:10;-2,24;0,00;22,43;-5,99;3,25
18.01.26 19:20:12;-2,29;0,00;22,92;-5,76;3,22
18.01.26 19:20:14;-2,39;0,00;23,92;-5,52;3,05
18.01.26 19:20:16;-2,44;0,00;24,91;-5,28;3,04
18.01.26 19:20:18;-2,59;0,00;25,90;-5,02;3,03
18.01.26 19:20:21;-2,64;0,00;26,89;-4,76;3,03
18.01.26 19:20:23;-2,74;0,00;27,39;-4,48;2,88
18.01.26 19:20:25;-2,79;0,00;28,38;-4,20;2,88
18.01.26 19:20:27;-2,89;0,00;28,88;-3,92;2,75
18.01.26 19:20:29;-2,89;0,00;29,87;-3,63;2,78
18.01.26 19:20:31;-2,99;0,00;29,87;-3,33;2,52
18.01.26 19:20:33;-3,09;0,00;30,86;-3,02;2,56
18.01.26 19:20:35;-3,09;0,00;30,86;-2,71;2,32
18.01.26 19:20:37;-3,19;0,00;31,86;-2,40;2,26
18.01.26 19:20:39;-3,19;0,00;31,86;-2,08;2,19
18.01.26 19:20:41;-3,24;0,00;32,35;-1,76;2,13
18.01.26 19:20:43;-3,28;0,00;32,85;-1,43;1,93
18.01.26 19:20:45;-3,33;0,00;33,34;-0,94;1,88
18.01.26 19:20:47;-3,33;0,00;33,34;-0,60;1,85
18.01.26 19:20:49;-3,38;0,00;33,84;-0,26;1,67
18.01.26 19:20:51;-3,43;0,00;34,34;0,04;1,65
18.01.26 19:20:53;-3,43;0,00;34,34;0,15;1,49
18.01.26 19:20:56;-3,43;0,00;34,83;0,27;1,50
18.01.26 19:20:58;-3,48;0,00;34,83;0,38;1,35
18.01.26 19:21:00;-3,53;0,00;35,33;0,50;1,36
18.01.26 19:21:02;-3,53;0,00;35,33;0,62;1,23
18.01.26 19:21:04;-3,53;0,00;35,33;0,73;1,11
18.01.26 19:21:06;-3,58;0,00;35,83;0,85;1,15
18.01.26 19:21:08;-3,63;0,00;36,32;0,97;1,18
18.01.26 19:21:10;-3,63;0,00;36,32;1,09;1,07
18.01.26 19:21:12;-3,63;0,00;36,32;1,22;0,92
18.01.26 19:21:14;-3,63;0,00;36,32;1,34;0,98
18.01.26 19:21:16;-3,68;0,00;36,82;1,46;0,88
18.01.26 19:21:18;-3,68;0,00;36,82;1,64;0,80
18.01.26 19:21:20;-3,73;0,00;37,31;1,77;0,86
18.01.26 19:21:22;-3,73;0,00;37,31;1,89;0,78
18.01.26 19:21:24;-3,73;0,00;37,31;2,02;0,71
18.01.26 19:21:26;-3,73;0,00;37,81;2,14;0,78
18.01.26 19:21:29;-3,78;0,00;37,81;2,27;0,71
18.01.26 19:21:31;-3,78;0,00;37,81;2,39;0,64
18.01.26 19:21:33;-3,78;0,00;37,81;2,52;0,58
18.01.26 19:21:35;-3,78;0,00;38,31;2,64;0,67
18.01.26 19:21:37;-3,83;0,00;38,31;2,77;0,61
18.01.26 19:21:39;-3,83;0,00;38,31;2,90;0,55
18.01.26 19:21:41;-3,83;0,00;38,31;3,03;0,50
18.01.26 19:21:43;-3,88;0,00;38,80;3,16;0,59
18.01.26 19:21:45;-3,88;0,00;38,80;3,29;0,50
18.01.26 19:21:47;-3,88;0,00;38,80;3,42;0,60
18.01.26 19:21:49;-3,93;0,00;39,30;3,55;0,55
18.01.26 19:21:51;-3,93;0,00;39,30;3,74;0,49
18.01.26 19:21:53;-3,93;0,00;39,30;3,87;0,45
18.01.26 19:21:55;-3,93;0,00;39,30;4,00;0,40
18.01.26 19:21:57;-3,93;0,00;39,79;4,14;0,51
18.01.26 19:21:59;-3,98;0,00;39,79;4,27;0,46
18.01.26 19:22:02;-3,98;0,00;39,79;4,40;0,42
18.01.26 19:22:04;-3,98;0,00;39,79;4,53;0,38
18.01.26 19:22:06;-3,98;0,00;40,29;4,67;0,49
18.01.26 19:22:08;-4,03;0,00;40,29;4,80;0,44
18.01.26 19:22:10;-4,03;0,00;40,29;4,94;0,40
18.01.26 19:22:12;-4,08;0,00;40,79;5,07;0,50
18.01.26 19:22:14;-4,08;0,00;40,79;5,21;0,44
18.01.26 19:22:16;-4,08;0,00;40,79;5,41;0,40
18.01.26 19:22:19;-4,08;0,00;40,79;5,55;0,34
18.01.26 19:22:21;-4,13;0,00;41,28;5,75;0,45
18.01.26 19:22:23;-4,13;0,00;41,28;5,89;0,40
18.01.26 19:22:25;-4,13;0,00;41,28;6,03;0,36
18.01.26 19:22:27;-4,13;0,00;41,28;6,16;0,33
18.01.26 19:22:29;-4,13;0,00;41,28;6,30;0,30
18.01.26 19:22:32;-4,13;0,00;41,28;6,44;0,27
18.01.26 19:22:34;-4,13;0,00;41,28;6,58;0,24
18.01.26 19:22:36;-4,13;0,00;41,28;6,71;0,22
18.01.26 19:22:38;-4,13;0,00;41,28;6,85;0,20
18.01.26 19:22:40;-4,13;0,00;41,28;6,99;0,18
18.01.26 19:22:42;-4,18;0,00;41,78;7,13;0,29
18.01.26 19:22:44;-4,18;0,00;41,78;7,27;0,26
18.01.26 19:22:46;-4,18;0,00;41,78;7,48;0,23
18.01.26 19:22:48;-4,18;0,00;41,78;7,62;0,21
18.01.26 19:22:50;-4,18;0,00;41,78;7,76;0,19
18.01.26 19:22:52;-4,18;0,00;41,78;7,90;0,17
18.01.26 19:22:55;-4,18;0,00;41,78;8,03;0,16
18.01.26 19:22:57;-4,18;0,00;41,78;8,17;0,14
18.01.26 19:22:59;-4,18;0,00;41,78;8,31;0,13
18.01.26 19:23:01;-4,18;0,00;41,78;8,45;0,12
18.01.26 19:23:03;-4,18;0,00;41,78;8,59;0,10
18.01.26 19:23:05;-4,18;0,00;41,78;8,73;0,09
18.01.26 19:23:07;-4,18;0,00;41,78;8,87;0,09
18.01.26 19:23:09;-4,18;0,00;41,78;9,01;0,07
18.01.26 19:23:11;-4,18;0,00;41,78;9,15;0,07
18.01.26 19:23:13;-4,18;0,00;41,78;9,36;0,06
18.01.26 19:23:15;-4,18;0,00;41,78;9,50;0,20
18.01.26 19:23:17;-4,18;0,00;41,78;9,64;0,04
18.01.26 19:23:19;-4,18;0,00;41,78;9,78;0,04
18.01.26 19:23:21;-4,18;0,00;41,78;9,92;0,03
18.01.26 19:23:24;-4,18;0,00;41,78;10,05;0,03
18.01.26 19:23:26;-4,23;0,00;42,27;10,20;0,17
18.01.26 19:23:28;-4,18;0,00;41,78;10,33;0,01
18.01.26 19:23:30;-4,18;0,00;41,78;10,47;0,01
18.01.26 19:23:32;-4,18;0,00;41,78;10,61;0,01
18.01.26 19:23:34;-4,18;0,00;41,78;10,75;0,01
18.01.26 19:23:36;-4,18;0,00;41,78;10,89;0,01
18.01.26 19:23:38;-4,18;0,00;41,78;11,03;0,01
18.01.26 19:23:40;-4,18;0,00;41,78;11,17;0,01
18.01.26 19:23:42;-4,18;0,00;41,78;11,31;0,01
18.01.26 19:23:44;-4,18;0,00;41,78;11,45;0,01
18.01.26 19:23:46;-4,18;0,00;41,78;11,59;0,01
18.01.26 19:23:48;-4,18;0,00;41,78;11,80;0,01
18.01.26 19:23:50;-4,23;0,00;42,27;11,94;-0,00
18.01.26 19:23:52;-4,18;0,00;41,78;12,08;-0,00
18.01.26 19:23:54;-4,23;0,00;41,78;12,22;-0,01
18.01.26 19:23:57;-4,18;0,00;41,78;12,36;-0,01
18.01.26 19:23:59;-4,23;0,00;41,78;12,50;-0,02
18.01.26 19:24:01;-4,18;0,00;41,78;12,64;-0,02
18.01.26 19:24:03;-4,23;0,00;42,27;12,78;0,12
18.01.26 19:24:05;-4,23;0,00;42,27;12,92;0,11
18.01.26 19:24:07;-4,18;0,00;42,27;13,06;0,11
18.01.26 19:24:09;-4,18;0,00;41,78;13,20;-0,04
18.01.26 19:24:11;-4,18;0,00;41,78;13,34;-0,04
18.01.26 19:24:13;-4,18;0,00;41,78;13,48;-0,04
18.01.26 19:24:15;-4,18;0,00;41,78;13,62;-0,03
18.01.26 19:24:17;-4,18;0,00;41,78;13,75;-0,03
18.01.26 19:24:19;-4,18;0,00;41,78;13,89;-0,03
18.01.26 19:24:21;-4,18;0,00;41,78;14,10;-0,02
18.01.26 19:24:23;-4,18;0,00;41,78;14,24;-0,02
18.01.26 19:24:25;-4,18;0,00;41,78;14,38;-0,16
18.01.26 19:24:27;-4,13;0,00;41,28;14,52;-0,15
18.01.26 19:24:29;-4,13;0,00;41,28;14,66;-0,13
18.01.26 19:24:32;-4,13;0,00;41,28;14,79;-0,12
18.01.26 19:24:34;-4,13;0,00;41,28;14,93;-0,11
18.01.26 19:24:36;-4,13;0,00;41,28;15,07;-0,10
18.01.26 19:24:38;-4,13;0,00;41,28;15,21;-0,09
18.01.26 19:24:40;-4,13;0,00;41,28;15,34;-0,08
18.01.26 19:24:42;-4,13;0,00;41,28;15,48;-0,07
18.01.26 19:24:44;-4,08;0,00;40,79;15,62;-0,21
18.01.26 19:24:46;-4,08;0,00;40,79;15,75;-0,19
18.01.26 19:24:48;-4,08;0,00;40,79;15,89;-0,16
18.01.26 19:24:50;-4,08;0,00;40,79;16,03;-0,29
18.01.26 19:24:52;-4,03;0,00;40,29;16,16;-0,26
18.01.26 19:24:54;-4,08;0,00;40,79;16,36;-0,10
18.01.26 19:24:56;-4,03;0,00;40,29;16,50;-0,23
18.01.26 19:24:58;-4,03;0,00;40,29;16,63;-0,20
18.01.26 19:25:00;-4,03;0,00;40,29;16,77;-0,19
18.01.26 19:25:03;-4,03;0,00;40,29;16,90;-0,17
18.01.26 19:25:05;-4,03;0,00;40,29;17,03;-0,15
18.01.26 19:25:07;-4,03;0,00;40,29;17,17;-0,14
18.01.26 19:25:09;-4,03;0,00;39,79;17,30;-0,27
18.01.26 19:25:11;-4,03;0,00;40,29;17,44;-0,10
18.01.26 19:25:13;-4,03;0,00;40,29;17,57;-0,09
18.01.26 19:25:15;-4,03;0,00;40,29;17,70;-0,08
18.01.26 19:25:17;-4,03;0,00;40,29;17,84;-0,21
18.01.26 19:25:19;-3,98;0,00;39,79;17,97;-0,19
18.01.26 19:25:21;-3,98;0,00;39,79;18,10;-0,17
18.01.26 19:25:23;-3,98;0,00;39,79;18,30;-0,16
18.01.26 19:25:25;-3,98;0,00;39,79;18,44;-0,14
18.01.26 19:25:27;-3,98;0,00;39,79;18,57;-0,13
18.01.26 19:25:29;-3,98;0,00;39,79;18,70;-0,12
18.01.26 19:25:31;-3,98;0,00;39,79;18,83;-0,10
18.01.26 19:25:34;-3,98;0,00;39,79;18,97;-0,09
18.01.26 19:25:36;-3,98;0,00;39,79;19,10;-0,09
18.01.26 19:25:38;-3,98;0,00;39,79;19,23;-0,08
18.01.26 19:25:40;-3,98;0,00;39,30;19,36;-0,22
18.01.26 19:25:42;-3,93;0,00;39,30;19,49;-0,19
18.01.26 19:25:44;-3,98;0,00;39,79;19,63;-0,03
18.01.26 19:25:46;-3,93;0,00;39,30;19,76;-0,18
18.01.26 19:25:48;-3,93;0,00;39,30;19,89;-0,15
18.01.26 19:25:50;-3,93;0,00;39,30;20,02;-0,14
18.01.26 19:25:52;-3,93;0,00;39,30;20,15;-0,12
18.01.26 19:25:54;-3,93;0,00;39,30;20,28;-0,11
18.01.26 19:25:56;-3,93;0,00;39,30;20,48;-0,10
18.01.26 19:25:58;-3,93;0,00;39,30;20,61;-0,24
18.01.26 19:26:00;-3,93;0,00;39,30;20,74;-0,22
18.01.26 19:26:02;-3,88;0,00;38,80;20,87;-0,20
18.01.26 19:26:05;-3,88;0,00;38,80;21,00;-0,18
18.01.26 19:26:07;-3,88;0,00;38,80;21,13;-0,16
18.01.26 19:26:09;-3,88;0,00;38,80;21,26;-0,15
18.01.26 19:26:11;-3,88;0,00;38,31;21,39;-0,28
18.01.26 19:26:13;-3,83;0,00;38,31;21,51;-0,25
18.01.26 19:26:15;-3,83;0,00;38,31;21,64;-0,23
18.01.26 19:26:17;-3,83;0,00;38,31;21,77;-0,21
18.01.26 19:26:19;-3,83;0,00;38,31;21,90;-0,18
18.01.26 19:26:21;-3,83;0,00;38,31;22,02;-0,16
18.01.26 19:26:23;-3,83;0,00;38,31;22,15;-0,29
18.01.26 19:26:25;-3,78;0,00;37,81;22,28;-0,12
18.01.26 19:26:27;-3,78;0,00;37,81;22,47;-0,25
18.01.26 19:26:29;-3,78;0,00;37,81;22,59;-0,22
18.01.26 19:26:31;-3,78;0,00;37,81;22,72;-0,20
18.01.26 19:26:33;-3,78;0,00;37,81;22,85;-0,18
18.01.26 19:26:36;-3,78;0,00;37,81;22,97;-0,16
18.01.26 19:26:38;-3,78;0,00;37,81;23,10;-0,15
18.01.26 19:26:40;-3,78;0,00;37,81;23,22;-0,13
18.01.26 19:26:42;-3,78;0,00;37,31;23,35;-0,26
18.01.26 19:26:44;-3,73;0,00;37,31;23,47;-0,24
18.01.26 19:26:46;-3,73;0,00;37,31;23,60;-0,22
18.01.26 19:26:48;-3,73;0,00;37,31;23,72;-0,20
18.01.26 19:26:50;-3,73;0,00;37,31;23,85;-0,18
18.01.26 19:26:52;-3,73;0,00;37,31;23,97;-0,15
18.01.26 19:26:54;-3,73;0,00;37,31;24,10;-0,14
18.01.26 19:26:56;-3,73;0,00;37,31;24,22;-0,12
18.01.26 19:26:58;-3,73;0,00;37,31;24,34;-0,26
18.01.26 19:27:00;-3,68;0,00;36,82;24,53;-0,23
18.01.26 19:27:02;-3,68;0,00;36,82;24,65;-0,21
18.01.26 19:27:04;-3,68;0,00;36,82;24,77;-0,19
18.01.26 19:27:06;-3,68;0,00;36,82;24,90;-0,17
18.01.26 19:27:09;-3,63;0,00;36,32;25,02;-0,30
18.01.26 19:27:11;-3,63;0,00;36,32;25,14;-0,27
18.01.26 19:27:13;-3,63;0,00;36,32;25,26;-0,24
18.01.26 19:27:15;-3,63;0,00;36,32;25,38;-0,22
18.01.26 19:27:17;-3,63;0,00;36,32;25,50;-0,20
18.01.26 19:27:19;-3,63;0,00;36,32;25,62;-0,18
18.01.26 19:27:21;-3,63;0,00;36,32;25,75;-0,16
18.01.26 19:27:23;-3,63;0,00;36,32;25,87;-0,15
18.01.26 19:27:25;-3,63;0,00;36,32;25,99;-0,13
18.01.26 19:27:27;-3,63;0,00;36,32;26,11;-0,11
18.01.26 19:27:29;-3,58;0,00;35,83;26,23;-0,24
18.01.26 19:27:31;-3,58;0,00;35,83;26,41;-0,08
18.01.26 19:27:33;-3,58;0,00;35,83;26,53;-0,20
18.01.26 19:27:35;-3,58;0,00;35,83;26,65;-0,19
18.01.26 19:27:37;-3,58;0,00;35,83;26,77;-0,17
18.01.26 19:27:39;-3,58;0,00;35,83;26,89;-0,15
18.01.26 19:27:42;-3,58;0,00;35,33;27,01;-0,28
18.01.26 19:27:44;-3,53;0,00;35,33;27,12;-0,26
18.01.26 19:27:46;-3,53;0,00;35,33;27,24;-0,23
18.01.26 19:27:48;-3,53;0,00;35,33;27,36;-0,21
18.01.26 19:27:50;-3,53;0,00;35,33;27,48;-0,19
18.01.26 19:27:52;-3,48;0,00;34,83;27,59;-0,31
18.01.26 19:27:54;-3,48;0,00;34,83;27,71;-0,28
18.01.26 19:27:56;-3,48;0,00;34,83;27,83;-0,26
18.01.26 19:27:58;-3,48;0,00;34,83;27,94;-0,22
18.01.26 19:28:00;-3,48;0,00;34,83;28,06;-0,35
18.01.26 19:28:02;-3,48;0,00;34,83;28,17;-0,17
18.01.26 19:28:04;-3,43;0,00;34,34;28,29;-0,29
18.01.26 19:28:06;-3,43;0,00;34,34;28,46;-0,26
18.01.26 19:28:08;-3,43;0,00;34,34;28,57;-0,24
18.01.26 19:28:10;-3,43;0,00;34,34;28,69;-0,22
18.01.26 19:28:12;-3,43;0,00;34,34;28,80;-0,19
18.01.26 19:28:15;-3,43;0,00;34,34;28,92;-0,18
18.01.26 19:28:17;-3,43;0,00;33,84;29,03;-0,31
18.01.26 19:28:19;-3,43;0,00;34,34;29,15;-0,14
18.01.26 19:28:21;-3,38;0,00;33,84;29,26;-0,26
18.01.26 19:28:23;-3,38;0,00;33,84;29,37;-0,23
18.01.26 19:28:25;-3,38;0,00;33,84;29,49;-0,21
18.01.26 19:28:27;-3,38;0,00;33,84;29,65;-0,19
18.01.26 19:28:29;-3,38;0,00;33,84;29,77;-0,17
18.01.26 19:28:31;-3,38;0,00;33,84;29,88;-0,30
18.01.26 19:28:33;-3,33;0,00;33,34;29,99;-0,27
18.01.26 19:28:35;-3,33;0,00;33,34;30,10;-0,25
18.01.26 19:28:38;-3,33;0,00;33,34;30,21;-0,22
18.01.26 19:28:40;-3,33;0,00;32,85;30,32;-0,35
18.01.26 19:28:42;-3,28;0,00;32,85;30,43;-0,31
18.01.26 19:28:44;-3,28;0,00;32,85;30,54;-0,28
18.01.26 19:28:46;-3,28;0,00;32,85;30,65;-0,26
18.01.26 19:28:48;-3,28;0,00;32,85;30,76;-0,23
18.01.26 19:28:50;-3,28;0,00;32,85;30,87;-0,21
18.01.26 19:28:52;-3,24;0,00;32,35;30,98;-0,33
18.01.26 19:28:54;-3,24;0,00;32,35;31,09;-0,30
18.01.26 19:28:56;-3,24;0,00;32,35;31,19;-0,25
18.01.26 19:28:58;-3,24;0,00;32,35;31,30;-0,23
18.01.26 19:29:00;-3,24;0,00;32,35;31,41;-0,21
18.01.26 19:29:02;-3,24;0,00;32,35;31,57;-0,19
18.01.26 19:29:04;-3,19;0,00;31,86;31,68;-0,31
18.01.26 19:29:06;-3,19;0,00;31,86;31,79;-0,14
18.01.26 19:29:08;-3,19;0,00;31,86;31,89;-0,27
18.01.26 19:29:10;-3,19;0,00;31,86;32,00;-0,24
18.01.26 19:29:13;-3,19;0,00;31,86;32,11;-0,22
18.01.26 19:29:15;-3,19;0,00;31,86;32,21;-0,20
18.01.26 19:29:17;-3,19;0,00;31,86;32,32;-0,18
18.01.26 19:29:19;-3,19;0,00;31,86;32,42;-0,16
18.01.26 19:29:21;-3,19;0,00;31,86;32,53;-0,15
18.01.26 19:29:23;-3,14;0,00;31,36;32,64;-0,28
18.01.26 19:29:25;-3,14;0,00;31,36;32,74;-0,25
18.01.26 19:29:27;-3,19;0,00;31,86;32,85;-0,09
18.01.26 19:29:29;-3,14;0,00;31,36;32,95;-0,21
18.01.26 19:29:31;-3,14;0,00;31,36;33,06;-0,19
18.01.26 19:29:33;-3,14;0,00;31,36;33,16;-0,17
18.01.26 19:29:35;-3,14;0,00;31,36;33,27;-0,16
18.01.26 19:29:37;-3,14;0,00;31,36;33,42;-0,14
18.01.26 19:29:39;-3,14;0,00;31,36;33,53;-0,13
18.01.26 19:29:41;-3,14;0,00;31,36;33,63;-0,12
18.01.26 19:29:43;-3,14;0,00;30,86;33,74;-0,25
18.01.26 19:29:46;-3,09;0,00;30,86;33,84;-0,23
18.01.26 19:29:48;-3,09;0,00;30,86;33,94;-0,21
18.01.26 19:29:50;-3,09;0,00;30,86;34,04;-0,19
18.01.26 19:29:52;-3,09;0,00;30,86;34,15;-0,17
18.01.26 19:29:54;-3,04;0,00;30,37;34,25;-0,29
18.01.26 19:29:56;-3,04;0,00;30,37;34,35;-0,26
18.01.26 19:29:58;-3,04;0,00;30,37;34,45;-0,24
18.01.26 19:30:00;-3,04;0,00;30,37;34,55;-0,22
18.01.26 19:30:02;-3,04;0,00;30,37;34,65;-0,19
18.01.26 19:30:04;-2,99;0,00;29,87;34,75;-0,30
18.01.26 19:30:06;-2,99;0,00;29,87;34,85;-0,27
18.01.26 19:30:08;-2,99;0,00;29,87;34,95;-0,25
18.01.26 19:30:10;-2,99;0,00;29,87;35,10;-0,22
18.01.26 19:30:12;-2,99;0,00;29,87;35,20;-0,20
18.01.26 19:30:14;-2,99;0,00;29,87;35,30;-0,18
18.01.26 19:30:16;-2,99;0,00;29,87;35,40;-0,17
18.01.26 19:30:19;-2,99;0,00;29,87;35,50;-0,15
18.01.26 19:30:21;-2,99;0,00;29,87;35,60;-0,14
18.01.26 19:30:23;-2,94;0,00;29,37;35,70;-0,26
18.01.26 19:30:25;-2,94;0,00;29,37;35,80;-0,24
18.01.26 19:30:27;-2,94;0,00;29,37;35,89;-0,22
18.01.26 19:30:29;-2,94;0,00;29,37;35,99;-0,20
18.01.26 19:30:31;-2,94;0,00;29,37;36,09;-0,17
18.01.26 19:30:33;-2,94;0,00;29,37;36,19;-0,15
18.01.26 19:30:35;-2,94;0,00;29,37;36,29;-0,28
18.01.26 19:30:37;-2,89;0,00;28,88;36,43;-0,25
18.01.26 19:30:39;-2,89;0,00;28,88;36,53;-0,23
18.01.26 19:30:41;-2,89;0,00;28,88;36,62;-0,36
18.01.26 19:30:43;-2,84;0,00;28,38;36,72;-0,18
18.01.26 19:30:45;-2,84;0,00;28,38;36,81;-0,30
18.01.26 19:30:48;-2,84;0,00;28,38;36,91;-0,27
18.01.26 19:30:50;-2,84;0,00;28,38;37,00;-0,25
18.01.26 19:30:52;-2,84;0,00;28,38;37,10;-0,22
18.01.26 19:30:54;-2,84;0,00;27,89;37,19;-0,35
18.01.26 19:30:56;-2,79;0,00;27,89;37,28;-0,32
18.01.26 19:30:58;-2,79;0,00;27,89;37,38;-0,29
18.01.26 19:31:00;-2,79;0,00;27,89;37,47;-0,26
18.01.26 19:31:02;-2,79;0,00;27,89;37,56;-0,23
18.01.26 19:31:04;-2,74;0,00;27,39;37,65;-0,33
18.01.26 19:31:06;-2,74;0,00;27,39;37,75;-0,30
18.01.26 19:31:08;-2,74;0,00;27,39;37,84;-0,42
18.01.26 19:31:10;-2,69;0,00;26,89;37,93;-0,38
18.01.26 19:31:12;-2,74;0,00;27,39;38,06;-0,35
18.01.26 19:31:14;-2,69;0,00;26,89;38,15;-0,32
18.01.26 19:31:16;-2,69;0,00;26,89;38,24;-0,29
18.01.26 19:31:18;-2,69;0,00;26,89;38,33;-0,26
18.01.26 19:31:21;-2,64;0,00;26,40;38,42;-0,37
18.01.26 19:31:23;-2,64;0,00;26,89;38,51;-0,19
18.01.26 19:31:25;-2,64;0,00;26,40;38,60;-0,31
18.01.26 19:31:27;-2,64;0,00;26,40;38,69;-0,28
18.01.26 19:31:29;-2,64;0,00;26,40;38,77;-0,26
18.01.26 19:31:31;-2,64;0,00;26,40;38,86;-0,23
18.01.26 19:31:33;-2,64;0,00;26,40;38,95;-0,21
18.01.26 19:31:35;-2,64;0,00;26,40;39,04;-0,19
18.01.26 19:31:37;-2,64;0,00;26,40;39,13;-0,16
18.01.26 19:31:39;-2,64;0,00;26,40;39,21;-0,15
18.01.26 19:31:41;-2,64;0,00;26,40;39,30;-0,13
18.01.26 19:31:43;-2,59;0,00;25,90;39,39;-0,11
18.01.26 19:31:45;-2,64;0,00;26,40;39,52;-0,10
18.01.26 19:31:47;-2,64;0,00;26,40;39,61;-0,24
18.01.26 19:31:49;-2,59;0,00;25,90;39,69;-0,22
18.01.26 19:31:51;-2,64;0,00;26,40;39,78;-0,06
18.01.26 19:31:54;-2,64;0,00;26,40;39,87;-0,05
18.01.26 19:31:56;-2,64;0,00;25,90;39,96;-0,19
18.01.26 19:31:58;-2,59;0,00;25,90;40,04;-0,17
18.01.26 19:32:00;-2,59;0,00;25,90;40,13;-0,16
18.01.26 19:32:02;-2,59;0,00;25,90;40,22;-0,14
18.01.26 19:32:04;-2,59;0,00;25,90;40,30;-0,13
18.01.26 19:32:06;-2,59;0,00;25,90;40,39;-0,12
18.01.26 19:32:08;-2,54;0,00;25,40;40,47;-0,25
18.01.26 19:32:10;-2,54;0,00;25,40;40,56;-0,23
18.01.26 19:32:12;-2,54;0,00;25,40;40,64;-0,21
18.01.26 19:32:14;-2,54;0,00;25,40;40,73;-0,18
18.01.26 19:32:16;-2,54;0,00;25,40;40,81;-0,16
18.01.26 19:32:18;-2,54;0,00;25,40;40,90;-0,15
18.01.26 19:32:20;-2,54;0,00;25,40;41,03;-0,13
18.01.26 19:32:22;-2,49;0,00;24,91;41,11;-0,26
18.01.26 19:32:24;-2,49;0,00;24,91;41,19;-0,23
18.01.26 19:32:27;-2,49;0,00;24,91;41,27;-0,21
18.01.26 19:32:29;-2,49;0,00;24,91;41,36;-0,19
18.01.26 19:32:31;-2,44;0,00;24,41;41,44;-0,31
18.01.26 19:32:33;-2,44;0,00;24,41;41,52;-0,28
18.01.26 19:32:35;-2,44;0,00;24,41;41,60;-0,25
18.01.26 19:32:37;-2,44;0,00;24,41;41,68;-0,23
18.01.26 19:32:39;-2,44;0,00;24,41;41,76;-0,21
18.01.26 19:32:41;-2,44;0,00;24,41;41,85;-0,19
18.01.26 19:32:43;-2,39;0,00;23,92;41,93;-0,31
18.01.26 19:32:45;-2,39;0,00;23,92;42,01;-0,27
18.01.26 19:32:47;-2,39;0,00;23,92;42,09;-0,25
18.01.26 19:32:49;-2,39;0,00;23,92;42,17;-0,22
18.01.26 19:32:51;-2,39;0,00;23,92;42,25;-0,20
18.01.26 19:32:53;-2,39;0,00;23,92;42,37;-0,18
18.01.26 19:32:55;-2,39;0,00;23,92;42,45;-0,17
18.01.26 19:32:57;-2,34;0,00;23,42;42,52;-0,14
18.01.26 19:32:59;-2,39;0,00;23,42;42,60;-0,27
18.01.26 19:33:02;-2,39;0,00;23,92;42,68;-0,11
18.01.26 19:33:04;-2,39;0,00;23,42;42,76;-0,24
18.01.26 19:33:06;-2,34;0,00;23,42;42,84;-0,21
18.01.26 19:33:08;-2,34;0,00;23,42;42,92;-0,19
18.01.26 19:33:10;-2,34;0,00;22,92;43,00;-0,32
18.01.26 19:33:12;-2,29;0,00;22,92;43,07;-0,29
18.01.26 19:33:14;-2,29;0,00;22,92;43,15;-0,27
18.01.26 19:33:16;-2,29;0,00;22,92;43,23;-0,25
18.01.26 19:33:18;-2,29;0,00;22,92;43,30;-0,22
18.01.26 19:33:20;-2,29;0,00;22,92;43,38;-0,19
18.01.26 19:33:22;-2,29;0,00;22,92;43,45;-0,17
18.01.26 19:33:24;-2,29;0,00;22,92;43,53;-0,16
18.01.26 19:33:26;-2,29;0,00;22,92;43,61;-0,14
18.01.26 19:33:28;-2,24;0,00;22,43;43,72;-0,27
18.01.26 19:33:30;-2,24;0,00;22,43;43,80;-0,24
18.01.26 19:33:32;-2,24;0,00;22,43;43,87;-0,22
18.01.26 19:33:34;-2,24;0,00;22,43;43,94;-0,20
18.01.26 19:33:37;-2,19;0,00;21,93;44,02;-0,32
18.01.26 19:33:39;-2,19;0,00;21,93;44,09;-0,29
18.01.26 19:33:41;-2,19;0,00;21,93;44,16;-0,26
18.01.26 19:33:43;-2,19;0,00;21,93;44,24;-0,23
18.01.26 19:33:45;-2,19;0,00;21,93;44,31;-0,21
18.01.26 19:33:47;-2,19;0,00;21,93;44,38;-0,19
18.01.26 19:33:49;-2,19;0,00;21,93;44,46;-0,17
18.01.26 19:33:51;-2,19;0,00;21,93;44,53;-0,29
18.01.26 19:33:53;-2,14;0,00;21,43;44,64;-0,12
18.01.26 19:33:55;-2,19;0,00;21,93;44,71;-0,25
18.01.26 19:33:57;-2,14;0,00;21,43;44,78;-0,23
18.01.26 19:34:00;-2,14;0,00;21,43;44,85;-0,21
18.01.26 19:34:02;-2,14;0,00;21,43;44,92;-0,19
18.01.26 19:34:04;-2,14;0,00;21,43;45,00;-0,17
18.01.26 19:34:06;-2,14;0,00;21,43;45,07;-0,15
18.01.26 19:34:08;-2,14;0,00;21,43;45,14;-0,14
18.01.26 19:34:10;-2,09;0,00;20,94;45,21;-0,27
18.01.26 19:34:12;-2,09;0,00;20,94;45,28;-0,24
18.01.26 19:34:14;-2,09;0,00;20,94;45,35;-0,22
18.01.26 19:34:16;-2,09;0,00;20,94;45,42;-0,19
18.01.26 19:34:18;-2,09;0,00;20,94;45,49;-0,17
18.01.26 19:34:20;-2,09;0,00;20,94;45,56;-0,15
18.01.26 19:34:22;-2,09;0,00;20,94;45,63;-0,14
18.01.26 19:34:24;-2,09;0,00;20,94;45,73;-0,13
18.01.26 19:34:26;-2,09;0,00;20,94;45,80;-0,26
18.01.26 19:34:28;-2,04;0,00;20,44;45,87;-0,24
18.01.26 19:34:30;-2,04;0,00;20,44;45,94;-0,21
18.01.26 19:34:33;-2,04;0,00;20,44;46,01;-0,19
18.01.26 19:34:35;-2,04;0,00;19,94;46,07;-0,32
18.01.26 19:34:37;-2,04;0,00;20,44;46,14;-0,15
18.01.26 19:34:39;-2,04;0,00;19,94;46,21;-0,28
18.01.26 19:34:41;-1,99;0,00;19,94;46,28;-0,26
18.01.26 19:34:43;-1,99;0,00;19,94;46,34;-0,23
18.01.26 19:34:45;-1,99;0,00;19,94;46,41;-0,21
18.01.26 19:34:47;-1,99;0,00;19,94;46,48;-0,19
18.01.26 19:34:49;-1,99;0,00;19,94;46,58;-0,16
18.01.26 19:34:52;-1,99;0,00;19,94;46,67;-0,14
18.01.26 19:34:54;-1,99;0,00;19,94;46,74;-0,13
18.01.26 19:34:57;-1,99;0,00;19,94;46,81;-0,11
18.01.26 19:34:59;-1,94;0,00;19,45;46,87;-0,25
18.01.26 19:35:01;-1,94;0,00;19,45;46,94;-0,23
18.01.26 19:35:03;-1,94;0,00;19,45;47,00;-0,19
18.01.26 19:35:05;-1,94;0,00;19,45;47,07;-0,18
18.01.26 19:35:07;-1,94;0,00;19,45;47,13;-0,16
18.01.26 19:35:09;-1,94;0,00;19,45;47,23;-0,14
18.01.26 19:35:11;-1,94;0,00;19,45;47,30;-0,13
18.01.26 19:35:13;-1,94;0,00;19,45;47,36;-0,12
