Date/Time;dkp_mult;dki_mult;dkd_mult;Kp_suggested;Ki_suggested;Kd_suggested;is_step;updated
19.01.26 00:49:25;0,0800;0,1500;0,0000;15,2400;1030,0000;20,0000;0;1
19.01.26 00:49:27;0,0000;0,0000;0,0000;15,2400;1030,0000;20,0000;0;0
19.01.26 00:49:29;0,0000;0,0000;0,0000;15,2400;1030,0000;20,0000;0;0
19.01.26 00:49:31;0,0800;0,1500;0,0000;15,4838;1060,9000;20,0000;0;1
19.01.26 00:49:33;0,0000;0,0000;0,0000;15,4838;1060,9000;20,0000;0;0
19.01.26 00:49:36;0,0000;0,0000;0,0000;15,4838;1060,9000;20,0000;0;0
19.01.26 00:49:38;0,0800;0,1500;0,0000;15,7316;1092,7270;20,0000;0;1
19.01.26 00:49:40;0,0000;0,0000;0,0000;15,7316;1092,7270;20,0000;0;0
19.01.26 00:49:42;0,0000;0,0000;0,0000;15,7316;1092,7270;20,0000;0;0
19.01.26 00:49:44;0,0800;0,1500;0,0000;15,9833;1125,5088;20,0000;0;1
19.01.26 00:49:46;0,0000;0,0000;0,0000;15,9833;1125,5088;20,0000;0;0
19.01.26 00:49:48;0,0000;0,0000;0,0000;15,9833;1125,5088;20,0000;0;0
19.01.26 00:49:50;0,0800;0,1500;0,0000;16,2390;1159,2741;20,0001;0;1
19.01.26 00:49:52;0,0000;0,0000;0,0000;16,2390;1159,2741;20,0001;0;0
19.01.26 00:49:54;0,0000;0,0000;0,0000;16,2390;1159,2741;20,0001;0;0
19.01.26 00:49:56;0,0800;0,1500;0,0000;16,4988;1194,0523;20,0001;0;1
19.01.26 00:49:58;0,0000;0,0000;0,0000;16,4988;1194,0523;20,0001;0;0
19.01.26 00:50:00;0,0000;0,0000;0,0000;16,4988;1194,0523;20,0001;0;0
19.01.26 00:50:02;0,0800;0,1500;0,0000;16,7628;1229,8739;20,0002;0;1
19.01.26 00:50:04;0,0000;0,0000;0,0000;16,7628;1229,8739;20,0002;0;0
19.01.26 00:50:06;0,0000;0,0000;0,0000;16,7628;1229,8739;20,0002;0;0
19.01.26 00:50:08;0,0800;0,1500;0,0000;17,0310;1266,7701;20,0002;0;1
19.01.26 00:50:10;0,0000;0,0000;0,0000;17,0310;1266,7701;20,0002;0;0
19.01.26 00:50:13;0,0000;0,0000;0,0000;17,0310;1266,7701;20,0002;0;0
19.01.26 00:50:15;0,0800;0,1500;0,0000;17,3035;1304,7732;20,0002;0;1
19.01.26 00:50:17;0,0000;0,0000;0,0000;17,3035;1304,7732;20,0002;0;0
19.01.26 00:50:19;0,0000;0,0000;0,0000;17,3035;1304,7732;20,0002;0;0
19.01.26 00:50:21;0,0174;0,1500;0,0000;17,3637;1343,9164;20,0002;0;1
19.01.26 00:50:23;0,0000;0,0000;0,0000;17,3637;1343,9164;20,0002;0;0
19.01.26 00:50:25;0,0000;0,0000;0,0000;17,3637;1343,9164;20,0002;0;0
19.01.26 00:50:27;0,0000;0,1500;0,0000;17,3637;1384,2339;20,0002;0;1
19.01.26 00:50:29;0,0000;0,0000;0,0000;17,3637;1384,2339;20,0002;0;0
19.01.26 00:50:31;0,0000;0,0000;0,0000;17,3637;1384,2339;20,0002;0;0
19.01.26 00:50:33;0,0000;0,1500;0,0000;17,3637;1425,7609;20,0002;0;1
19.01.26 00:50:35;0,0000;0,0000;0,0000;17,3637;1425,7609;20,0002;0;0
19.01.26 00:50:37;0,0000;0,0000;0,0000;17,3637;1425,7609;20,0002;0;0
19.01.26 00:50:39;0,0000;0,1500;0,0000;17,3637;1468,5337;20,0002;0;1
19.01.26 00:50:41;0,0000;0,0000;0,0000;17,3637;1468,5337;20,0002;0;0
19.01.26 00:50:43;0,0000;0,0000;0,0000;17,3637;1468,5337;20,0002;0;0
19.01.26 00:50:45;0,0000;0,1500;0,0000;17,3637;1512,5897;20,0002;0;1
19.01.26 00:50:48;0,0000;0,0000;0,0000;17,3637;1512,5897;20,0002;0;0
19.01.26 00:50:50;0,0000;0,0000;0,0000;17,3637;1512,5897;20,0002;0;0
19.01.26 00:50:52;0,0000;0,1500;0,0000;17,3637;1557,9674;20,0002;0;1
19.01.26 00:50:54;0,0000;0,0000;0,0000;17,3637;1557,9674;20,0002;0;0
19.01.26 00:50:56;0,0000;0,0000;0,0000;17,3637;1557,9674;20,0002;0;0
19.01.26 00:50:58;0,0000;0,1500;0,0000;17,3637;1604,7064;20,0002;0;1
19.01.26 00:51:00;0,0000;0,0000;0,0000;17,3637;1604,7064;20,0002;0;0
19.01.26 00:51:02;0,0000;0,0000;0,0000;17,3637;1604,7064;20,0002;0;0
19.01.26 00:51:04;0,0000;0,1500;0,0000;17,3637;1652,8476;20,0002;0;1
19.01.26 00:51:06;0,0000;0,0000;0,0000;17,3637;1652,8476;20,0002;0;0
19.01.26 00:51:08;0,0000;0,0000;0,0000;17,3637;1652,8476;20,0002;0;0
19.01.26 00:51:10;0,0000;0,1500;0,0000;17,3637;1702,4331;20,0002;0;1
19.01.26 00:51:12;0,0000;0,0000;0,0000;17,3637;1702,4331;20,0002;0;0
19.01.26 00:51:14;0,0000;0,0000;0,0000;17,3637;1702,4331;20,0002;0;0
19.01.26 00:51:16;0,0000;0,1500;0,0000;17,3637;1753,5061;20,0002;0;1
19.01.26 00:51:18;0,0000;0,0000;0,0000;17,3637;1753,5061;20,0002;0;0
19.01.26 00:51:20;0,0000;0,0000;0,0000;17,3637;1753,5061;20,0002;0;0
19.01.26 00:51:23;0,0000;0,1500;0,0000;17,3637;1802,8048;20,0002;0;1
19.01.26 00:51:25;0,0000;0,0000;0,0000;17,3637;1802,8048;20,0002;0;0
19.01.26 00:51:27;0,0000;0,0000;0,0000;17,3637;1802,8048;20,0002;0;0
19.01.26 00:51:29;0,0000;0,1500;0,0000;17,3637;1842,2439;20,0002;0;1
19.01.26 00:51:31;0,0000;0,0000;0,0000;17,3637;1842,2439;20,0002;0;0
19.01.26 00:51:33;0,0000;0,0000;0,0000;17,3637;1842,2439;20,0002;0;0
19.01.26 00:51:35;0,0000;0,1500;0,0000;17,3637;1873,7951;20,0002;0;1
19.01.26 00:51:37;0,0000;0,0000;0,0000;17,3637;1873,7951;20,0002;0;0
19.01.26 00:51:39;0,0000;0,0000;0,0000;17,3637;1873,7951;20,0002;0;0
19.01.26 00:51:41;0,0455;0,1500;0,0000;17,5217;1899,0361;20,0002;0;1
19.01.26 00:51:43;0,0000;0,0000;0,0000;17,5217;1899,0361;20,0002;0;0
19.01.26 00:51:45;0,0000;0,0000;0,0000;17,5217;1899,0361;20,0002;0;0
19.01.26 00:51:47;0,0455;0,1500;0,0000;17,6810;1919,2289;20,0002;0;1
19.01.26 00:51:49;0,0000;0,0000;0,0000;17,6810;1919,2289;20,0002;0;0
19.01.26 00:51:51;0,0000;0,0000;0,0000;17,6810;1919,2289;20,0002;0;0
19.01.26 00:51:53;0,0455;0,1500;0,0000;17,8419;1935,3831;20,0002;0;1
19.01.26 00:51:56;0,0000;0,0000;0,0000;17,8419;1935,3831;20,0002;0;0
19.01.26 00:51:58;0,0000;0,0000;0,0000;17,8419;1935,3831;20,0002;0;0
19.01.26 00:52:00;-0,0000;0,1500;0,0000;17,8418;1948,3065;20,0002;0;1
19.01.26 00:52:02;0,0000;0,0000;0,0000;17,8418;1948,3065;20,0002;0;0
19.01.26 00:52:04;0,0000;0,0000;0,0000;17,8418;1948,3065;20,0002;0;0
19.01.26 00:52:06;-0,0000;0,1500;0,0000;17,8417;1958,6452;20,0002;0;1
19.01.26 00:52:08;0,0000;0,0000;0,0000;17,8417;1958,6452;20,0002;0;0
19.01.26 00:52:10;0,0000;0,0000;0,0000;17,8417;1958,6452;20,0002;0;0
19.01.26 00:52:12;-0,0000;0,0872;0,0000;17,8416;1966,9161;20,0002;0;1
19.01.26 00:52:14;0,0000;0,0000;0,0000;17,8416;1966,9161;20,0002;0;0
19.01.26 00:52:16;0,0000;0,0000;0,0000;17,8416;1966,9161;20,0002;0;0
19.01.26 00:52:18;-0,0000;0,0872;0,0000;17,8415;1973,5329;20,0002;0;1
19.01.26 00:52:20;0,0000;0,0000;0,0000;17,8415;1973,5329;20,0002;0;0
19.01.26 00:52:22;0,0000;0,0000;0,0000;17,8415;1973,5329;20,0002;0;0
19.01.26 00:52:24;-0,0000;0,0872;0,0000;17,8415;1978,8263;20,0002;0;1
19.01.26 00:52:26;0,0000;0,0000;0,0000;17,8415;1978,8263;20,0002;0;0
19.01.26 00:52:29;0,0000;0,0000;0,0000;17,8415;1978,8263;20,0002;0;0
19.01.26 00:52:31;-0,0000;0,0872;0,0000;17,8414;1983,0611;20,0002;0;1
19.01.26 00:52:33;0,0000;0,0000;0,0000;17,8414;1983,0611;20,0002;0;0
19.01.26 00:52:35;0,0000;0,0000;0,0000;17,8414;1983,0611;20,0002;0;0
19.01.26 00:52:37;-0,0000;0,1500;0,0000;17,8413;1986,4489;20,0002;0;1
19.01.26 00:52:39;0,0000;0,0000;0,0000;17,8413;1986,4489;20,0002;0;0
19.01.26 00:52:41;0,0000;0,0000;0,0000;17,8413;1986,4489;20,0002;0;0
19.01.26 00:52:43;-0,0000;0,1500;0,0000;17,8412;1989,1591;20,0002;0;1
19.01.26 00:52:45;0,0000;0,0000;0,0000;17,8412;1989,1591;20,0002;0;0
19.01.26 00:52:47;0,0000;0,0000;0,0000;17,8412;1989,1591;20,0002;0;0
19.01.26 00:52:49;-0,0000;0,1500;0,0000;17,8411;1991,3273;20,0002;0;1
19.01.26 00:52:51;0,0000;0,0000;0,0000;17,8411;1991,3273;20,0002;0;0
19.01.26 00:52:53;0,0000;0,0000;0,0000;17,8411;1991,3273;20,0002;0;0
19.01.26 00:52:55;-0,0000;0,1500;0,0000;17,8411;1993,0618;20,0002;0;1
19.01.26 00:52:57;0,0000;0,0000;0,0000;17,8411;1993,0618;20,0002;0;0
19.01.26 00:52:59;0,0000;0,0000;0,0000;17,8411;1993,0618;20,0002;0;0
19.01.26 00:53:01;-0,0000;0,1500;0,0000;17,8410;1994,4494;20,0002;0;1
19.01.26 00:53:04;0,0000;0,0000;0,0000;17,8410;1994,4494;20,0002;0;0
19.01.26 00:53:06;0,0000;0,0000;0,0000;17,8410;1994,4494;20,0002;0;0
19.01.26 00:53:08;0,0455;0,1482;0,0000;18,0033;1995,5596;20,0002;0;1
19.01.26 00:53:10;0,0000;0,0000;0,0000;18,0033;1995,5596;20,0002;0;0
19.01.26 00:53:12;0,0000;0,0000;0,0000;18,0033;1995,5596;20,0002;0;0
19.01.26 00:53:14;-0,0000;0,0958;0,0000;18,0032;1996,4476;20,0002;0;1
19.01.26 00:53:16;0,0000;0,0000;0,0000;18,0032;1996,4476;20,0002;0;0
19.01.26 00:53:18;0,0000;0,0000;0,0000;18,0032;1996,4476;20,0002;0;0
19.01.26 00:53:20;-0,0000;0,0060;0,0000;18,0031;1997,1581;20,0002;0;1
19.01.26 00:53:22;0,0000;0,0000;0,0000;18,0031;1997,1581;20,0002;0;0
19.01.26 00:53:24;0,0000;0,0000;0,0000;18,0031;1997,1581;20,0002;0;0
19.01.26 00:53:26;-0,0000;0,0000;0,0000;18,0031;1997,1657;20,0002;0;1
19.01.26 00:53:28;0,0000;0,0000;0,0000;18,0031;1997,1657;20,0002;0;0
19.01.26 00:53:30;0,0000;0,0000;0,0000;18,0031;1997,1657;20,0002;0;0
19.01.26 00:53:32;-0,0000;0,0000;0,0000;18,0030;1997,1733;20,0002;0;1
19.01.26 00:53:34;0,0000;0,0000;0,0000;18,0030;1997,1733;20,0002;0;0
19.01.26 00:53:37;0,0000;0,0000;0,0000;18,0030;1997,1733;20,0002;0;0
19.01.26 00:53:39;-0,0000;0,0000;0,0000;18,0030;1997,1810;20,0002;0;1
19.01.26 00:53:41;0,0000;0,0000;0,0000;18,0030;1997,1810;20,0002;0;0
19.01.26 00:53:43;0,0000;0,0000;0,0000;18,0030;1997,1810;20,0002;0;0
19.01.26 00:53:45;-0,0000;0,0000;0,0000;18,0029;1997,1886;20,0002;0;1
19.01.26 00:53:47;0,0000;0,0000;0,0000;18,0029;1997,1886;20,0002;0;0
19.01.26 00:53:49;0,0000;0,0000;0,0000;18,0029;1997,1886;20,0002;0;0
19.01.26 00:53:51;-0,0000;0,0000;0,0000;18,0028;1997,1962;20,0002;0;1
19.01.26 00:53:53;0,0000;0,0000;0,0000;18,0028;1997,1962;20,0002;0;0
19.01.26 00:53:55;0,0000;0,0000;0,0000;18,0028;1997,1962;20,0002;0;0
19.01.26 00:53:57;-0,0000;0,0000;0,0000;18,0028;1997,2038;20,0002;0;1
19.01.26 00:53:59;0,0000;0,0000;0,0000;18,0028;1997,2038;20,0002;0;0
19.01.26 00:54:01;0,0000;0,0000;0,0000;18,0028;1997,2038;20,0002;0;0
19.01.26 00:54:03;-0,0000;0,0000;0,0000;18,0027;1997,2114;20,0002;0;1
19.01.26 00:54:06;0,0000;0,0000;0,0000;18,0027;1997,2114;20,0002;0;0
19.01.26 00:54:08;0,0000;0,0000;0,0000;18,0027;1997,2114;20,0002;0;0
19.01.26 00:54:10;-0,0000;0,0000;0,0000;18,0026;1997,2190;20,0002;0;1
19.01.26 00:54:12;0,0000;0,0000;0,0000;18,0026;1997,2190;20,0002;0;0
19.01.26 00:54:14;0,0000;0,0000;0,0000;18,0026;1997,2190;20,0002;0;0
19.01.26 00:54:16;-0,0000;0,0958;0,0000;18,0026;1997,7752;20,0002;0;1
19.01.26 00:54:18;0,0000;0,0000;0,0000;18,0026;1997,7752;20,0002;0;0
19.01.26 00:54:20;0,0000;0,0000;0,0000;18,0026;1997,7752;20,0002;0;0
19.01.26 00:54:22;-0,0000;0,0958;0,0000;18,0025;1998,2202;20,0002;0;1
19.01.26 00:54:24;0,0000;0,0000;0,0000;18,0025;1998,2202;20,0002;0;0
19.01.26 00:54:26;0,0000;0,0000;0,0000;18,0025;1998,2202;20,0002;0;0
19.01.26 00:54:28;-0,0000;0,0958;0,0000;18,0025;1998,5761;20,0002;0;1
19.01.26 00:54:30;0,0000;0,0000;0,0000;18,0025;1998,5761;20,0002;0;0
19.01.26 00:54:32;0,0000;0,0000;0,0000;18,0025;1998,5761;20,0002;0;0
19.01.26 00:54:34;-0,0000;0,0958;0,0000;18,0024;1998,8609;20,0002;0;1
19.01.26 00:54:36;0,0000;0,0000;0,0000;18,0024;1998,8609;20,0002;0;0
19.01.26 00:54:38;0,0000;0,0000;0,0000;18,0024;1998,8609;20,0002;0;0
19.01.26 00:54:41;-0,0000;0,1500;0,0000;18,0023;1999,0887;20,0002;0;1
19.01.26 00:54:43;0,0000;0,0000;0,0000;18,0023;1999,0887;20,0002;0;0
19.01.26 00:54:45;0,0000;0,0000;0,0000;18,0023;1999,0887;20,0002;0;0
19.01.26 00:54:47;-0,0000;0,1500;0,0000;18,0022;1999,2710;20,0002;0;1
19.01.26 00:54:49;0,0000;0,0000;0,0000;18,0022;1999,2710;20,0002;0;0
19.01.26 00:54:51;0,0000;0,0000;0,0000;18,0022;1999,2710;20,0002;0;0
19.01.26 00:54:53;-0,0000;0,1500;0,0000;18,0022;1999,4168;20,0002;0;1
19.01.26 00:54:55;0,0000;0,0000;0,0000;18,0022;1999,4168;20,0002;0;0
19.01.26 00:54:57;0,0000;0,0000;0,0000;18,0022;1999,4168;20,0002;0;0
19.01.26 00:54:59;-0,0000;0,1500;0,0000;18,0021;1999,5334;20,0002;0;1
19.01.26 00:55:01;0,0000;0,0000;0,0000;18,0021;1999,5334;20,0002;0;0
19.01.26 00:55:03;0,0000;0,0000;0,0000;18,0021;1999,5334;20,0002;0;0
19.01.26 00:55:05;-0,0000;0,1500;0,0000;18,0020;1999,6267;20,0002;0;1
19.01.26 00:55:07;0,0000;0,0000;0,0000;18,0020;1999,6267;20,0002;0;0
19.01.26 00:55:09;0,0000;0,0000;0,0000;18,0020;1999,6267;20,0002;0;0
19.01.26 00:55:11;-0,0000;0,1500;0,0000;18,0019;1999,7014;20,0002;0;1
19.01.26 00:55:13;0,0000;0,0000;0,0000;18,0019;1999,7014;20,0002;0;0
19.01.26 00:55:16;0,0000;0,0000;0,0000;18,0019;1999,7014;20,0002;0;0
19.01.26 00:55:18;-0,0000;0,1500;0,0000;18,0018;1999,7611;20,0002;0;1
19.01.26 00:55:20;0,0000;0,0000;0,0000;18,0018;1999,7611;20,0002;0;0
19.01.26 00:55:22;0,0000;0,0000;0,0000;18,0018;1999,7611;20,0002;0;0
19.01.26 00:55:24;-0,0000;0,1500;0,0000;18,0017;1999,8089;20,0002;0;1
19.01.26 00:55:26;0,0000;0,0000;0,0000;18,0017;1999,8089;20,0002;0;0
19.01.26 00:55:28;0,0000;0,0000;0,0000;18,0017;1999,8089;20,0002;0;0
19.01.26 00:55:30;-0,0000;0,1500;0,0000;18,0017;1999,8471;20,0002;0;1
19.01.26 00:55:32;0,0000;0,0000;0,0000;18,0017;1999,8471;20,0002;0;0
19.01.26 00:55:34;0,0000;0,0000;0,0000;18,0017;1999,8471;20,0002;0;0
19.01.26 00:55:36;-0,0000;0,1500;0,0000;18,0016;1999,8777;20,0002;0;1
19.01.26 00:55:38;0,0000;0,0000;0,0000;18,0016;1999,8777;20,0002;0;0
19.01.26 00:55:40;0,0000;0,0000;0,0000;18,0016;1999,8777;20,0002;0;0
19.01.26 00:55:42;-0,0000;0,1500;0,0000;18,0015;1999,9022;20,0002;0;1
19.01.26 00:55:44;0,0000;0,0000;0,0000;18,0015;1999,9022;20,0002;0;0
19.01.26 00:55:46;0,0000;0,0000;0,0000;18,0015;1999,9022;20,0002;0;0
19.01.26 00:55:49;-0,0000;0,1500;0,0000;18,0014;1999,9217;20,0002;0;1
19.01.26 00:55:51;0,0000;0,0000;0,0000;18,0014;1999,9217;20,0002;0;0
19.01.26 00:55:53;0,0000;0,0000;0,0000;18,0014;1999,9217;20,0002;0;0
19.01.26 00:55:55;-0,0000;0,1500;0,0000;18,0013;1999,9374;20,0002;0;1
19.01.26 00:55:57;0,0000;0,0000;0,0000;18,0013;1999,9374;20,0002;0;0
19.01.26 00:55:59;0,0000;0,0000;0,0000;18,0013;1999,9374;20,0002;0;0
19.01.26 00:56:01;-0,0000;0,1500;0,0000;18,0012;1999,9499;20,0002;0;1
19.01.26 00:56:03;0,0000;0,0000;0,0000;18,0012;1999,9499;20,0002;0;0
19.01.26 00:56:05;0,0000;0,0000;0,0000;18,0012;1999,9499;20,0002;0;0
19.01.26 00:56:07;-0,0000;0,1500;0,0000;18,0012;1999,9599;20,0002;0;1
19.01.26 00:56:09;0,0000;0,0000;0,0000;18,0012;1999,9599;20,0002;0;0
19.01.26 00:56:11;0,0000;0,0000;0,0000;18,0012;1999,9599;20,0002;0;0
19.01.26 00:56:13;-0,0000;0,1500;0,0000;18,0011;1999,9679;20,0002;0;1
19.01.26 00:56:15;0,0000;0,0000;0,0000;18,0011;1999,9679;20,0002;0;0
19.01.26 00:56:18;0,0000;0,0000;0,0000;18,0011;1999,9679;20,0002;0;0
19.01.26 00:56:20;-0,0000;0,1500;0,0000;18,0010;1999,9744;20,0002;0;1
19.01.26 00:56:22;0,0000;0,0000;0,0000;18,0010;1999,9744;20,0002;0;0
19.01.26 00:56:24;0,0000;0,0000;0,0000;18,0010;1999,9744;20,0002;0;0
19.01.26 00:56:26;-0,0000;0,1500;0,0000;18,0009;1999,9795;20,0002;0;1
19.01.26 00:56:28;0,0000;0,0000;0,0000;18,0009;1999,9795;20,0002;0;0
19.01.26 00:56:30;0,0000;0,0000;0,0000;18,0009;1999,9795;20,0002;0;0
19.01.26 00:56:32;-0,0000;0,1500;0,0000;18,0008;1999,9836;20,0002;0;1
19.01.26 00:56:34;0,0000;0,0000;0,0000;18,0008;1999,9836;20,0002;0;0
19.01.26 00:56:36;0,0000;0,0000;0,0000;18,0008;1999,9836;20,0002;0;0
19.01.26 00:56:38;-0,0000;0,1500;0,0000;18,0007;1999,9869;20,0002;0;1
19.01.26 00:56:40;0,0000;0,0000;0,0000;18,0007;1999,9869;20,0002;0;0
19.01.26 00:56:42;0,0000;0,0000;0,0000;18,0007;1999,9869;20,0002;0;0
19.01.26 00:56:44;-0,0000;0,1500;0,0000;18,0007;1999,9895;20,0002;0;1
19.01.26 00:56:46;0,0000;0,0000;0,0000;18,0007;1999,9895;20,0002;0;0
19.01.26 00:56:48;0,0000;0,0000;0,0000;18,0007;1999,9895;20,0002;0;0
19.01.26 00:56:50;-0,0000;0,1500;0,0000;18,0006;1999,9916;20,0002;0;1
19.01.26 00:56:53;0,0000;0,0000;0,0000;18,0006;1999,9916;20,0002;0;0
19.01.26 00:56:55;0,0000;0,0000;0,0000;18,0006;1999,9916;20,0002;0;0
19.01.26 00:56:57;-0,0000;0,1500;0,0000;18,0005;1999,9933;20,0002;0;1
19.01.26 00:56:59;0,0000;0,0000;0,0000;18,0005;1999,9933;20,0002;0;0
19.01.26 00:57:01;0,0000;0,0000;0,0000;18,0005;1999,9933;20,0002;0;0
19.01.26 00:57:03;-0,0000;0,1500;0,0000;18,0004;1999,9946;20,0002;0;1
19.01.26 00:57:05;0,0000;0,0000;0,0000;18,0004;1999,9946;20,0002;0;0
19.01.26 00:57:07;0,0000;0,0000;0,0000;18,0004;1999,9946;20,0002;0;0
19.01.26 00:57:09;-0,0000;0,1500;0,0000;18,0003;1999,9957;20,0002;0;1
19.01.26 00:57:11;0,0000;0,0000;0,0000;18,0003;1999,9957;20,0002;0;0
19.01.26 00:57:13;0,0000;0,0000;0,0000;18,0003;1999,9957;20,0002;0;0
19.01.26 00:57:15;0,0540;0,1500;0,0000;18,1949;1999,9966;20,0002;0;1
19.01.26 00:57:17;0,0000;0,0000;0,0000;18,1949;1999,9966;20,0002;0;0
19.01.26 00:57:19;0,0000;0,0000;0,0000;18,1949;1999,9966;20,0002;0;0
19.01.26 00:57:21;0,0540;0,1500;0,0000;18,3915;1999,9972;20,0002;0;1
19.01.26 00:57:23;0,0000;0,0000;0,0000;18,3915;1999,9972;20,0002;0;0
19.01.26 00:57:25;0,0000;0,0000;0,0000;18,3915;1999,9972;20,0002;0;0
19.01.26 00:57:27;0,0540;0,1500;0,0000;18,5903;1999,9978;20,0002;0;1
19.01.26 00:57:30;0,0000;0,0000;0,0000;18,5903;1999,9978;20,0002;0;0
19.01.26 00:57:32;0,0000;0,0000;0,0000;18,5903;1999,9978;20,0002;0;0
19.01.26 00:57:34;0,0540;0,1500;0,0000;18,7912;1999,9982;20,0002;0;1
19.01.26 00:57:36;0,0000;0,0000;0,0000;18,7912;1999,9982;20,0002;0;0
19.01.26 00:57:38;0,0000;0,0000;0,0000;18,7912;1999,9982;20,0002;0;0
19.01.26 00:57:40;0,0540;0,1500;0,0000;18,9942;1999,9986;20,0002;0;1
19.01.26 00:57:42;0,0000;0,0000;0,0000;18,9942;1999,9986;20,0002;0;0
19.01.26 00:57:44;0,0000;0,0000;0,0000;18,9942;1999,9986;20,0002;0;0
19.01.26 00:57:46;0,0540;0,1500;0,0000;19,1995;1999,9989;20,0002;0;1
19.01.26 00:57:48;0,0000;0,0000;0,0000;19,1995;1999,9989;20,0002;0;0
19.01.26 00:57:50;0,0000;0,0000;0,0000;19,1995;1999,9989;20,0002;0;0
19.01.26 00:57:52;0,0540;0,1500;0,0000;19,4070;1999,9991;20,0002;0;1
19.01.26 00:57:55;0,0000;0,0000;0,0000;19,4070;1999,9991;20,0002;0;0
19.01.26 00:57:57;0,0000;0,0000;0,0000;19,4070;1999,9991;20,0002;0;0
19.01.26 00:57:59;0,0540;0,1500;0,0000;19,6167;1999,9993;20,0002;0;1
19.01.26 00:58:01;0,0000;0,0000;0,0000;19,6167;1999,9993;20,0002;0;0
19.01.26 00:58:03;0,0000;0,0000;0,0000;19,6167;1999,9993;20,0002;0;0
19.01.26 00:58:05;0,0540;0,1500;0,0000;19,8287;1999,9994;20,0002;0;1
19.01.26 00:58:07;0,0000;0,0000;0,0000;19,8287;1999,9994;20,0002;0;0
19.01.26 00:58:09;0,0000;0,0000;0,0000;19,8287;1999,9994;20,0002;0;0
19.01.26 00:58:11;0,0790;0,1500;0,0000;20,1420;1999,9995;20,0002;0;1
19.01.26 00:58:13;0,0000;0,0000;0,0000;20,1420;1999,9995;20,0002;0;0
19.01.26 00:58:15;0,0000;0,0000;0,0000;20,1420;1999,9995;20,0002;0;0
19.01.26 00:58:17;0,0790;0,1500;0,0000;20,4602;1999,9996;20,0002;0;1
19.01.26 00:58:19;0,0000;0,0000;0,0000;20,4602;1999,9996;20,0002;0;0
19.01.26 00:58:21;0,0000;0,0000;0,0000;20,4602;1999,9996;20,0002;0;0
19.01.26 00:58:23;0,0790;0,1500;0,0000;20,7835;1999,9997;20,0002;0;1
19.01.26 00:58:25;0,0000;0,0000;0,0000;20,7835;1999,9997;20,0002;0;0
19.01.26 00:58:27;0,0000;0,0000;0,0000;20,7835;1999,9997;20,0002;0;0
19.01.26 00:58:29;0,0790;0,1500;0,0000;21,1118;1999,9998;20,0002;0;1
19.01.26 00:58:32;0,0000;0,0000;0,0000;21,1118;1999,9998;20,0002;0;0
19.01.26 00:58:34;0,0000;0,0000;0,0000;21,1118;1999,9998;20,0002;0;0
19.01.26 00:58:36;0,0790;0,1500;0,0000;21,4454;1999,9998;20,0002;0;1
19.01.26 00:58:38;0,0000;0,0000;0,0000;21,4454;1999,9998;20,0002;0;0
19.01.26 00:58:40;0,0000;0,0000;0,0000;21,4454;1999,9998;20,0002;0;0
19.01.26 00:58:42;0,0790;0,1500;0,0000;21,7842;1999,9998;20,0002;0;1
19.01.26 00:58:44;0,0000;0,0000;0,0000;21,7842;1999,9998;20,0002;0;0
19.01.26 00:58:46;0,0000;0,0000;0,0000;21,7842;1999,9998;20,0002;0;0
19.01.26 00:58:48;0,0790;0,1500;0,0000;22,1284;1999,9999;20,0002;0;1
19.01.26 00:58:50;0,0000;0,0000;0,0000;22,1284;1999,9999;20,0002;0;0
19.01.26 00:58:52;0,0000;0,0000;0,0000;22,1284;1999,9999;20,0002;0;0
19.01.26 00:58:54;0,0790;0,1500;0,0000;22,4780;1999,9999;20,0002;0;1
19.01.26 00:58:56;0,0000;0,0000;0,0000;22,4780;1999,9999;20,0002;0;0
19.01.26 00:58:58;0,0000;0,0000;0,0000;22,4780;1999,9999;20,0002;0;0
19.01.26 00:59:00;0,0790;0,1500;0,0000;22,8331;1999,9999;20,0002;0;1
19.01.26 00:59:02;0,0000;0,0000;0,0000;22,8331;1999,9999;20,0002;0;0
19.01.26 00:59:04;0,0000;0,0000;0,0000;22,8331;1999,9999;20,0002;0;0
19.01.26 00:59:06;0,0790;0,1500;0,0000;23,1938;1999,9999;20,0002;0;1
19.01.26 00:59:09;0,0000;0,0000;0,0000;23,1938;1999,9999;20,0002;0;0
19.01.26 00:59:11;0,0000;0,0000;0,0000;23,1938;1999,9999;20,0002;0;0
19.01.26 00:59:13;0,0790;0,1500;0,0000;23,5551;2000,0000;20,0002;0;1
19.01.26 00:59:15;0,0000;0,0000;0,0000;23,5551;2000,0000;20,0002;0;0
19.01.26 00:59:17;0,0000;0,0000;0,0000;23,5551;2000,0000;20,0002;0;0
19.01.26 00:59:19;0,0790;0,1500;0,0000;23,8441;2000,0000;20,0002;0;1
19.01.26 00:59:21;0,0000;0,0000;0,0000;23,8441;2000,0000;20,0002;0;0
19.01.26 00:59:23;0,0000;0,0000;0,0000;23,8441;2000,0000;20,0002;0;0
19.01.26 00:59:25;0,0790;0,1500;0,0000;24,0752;2000,0000;20,0002;0;1
19.01.26 00:59:27;0,0000;0,0000;0,0000;24,0752;2000,0000;20,0002;0;0
19.01.26 00:59:29;0,0000;0,0000;0,0000;24,0752;2000,0000;20,0002;0;0
19.01.26 00:59:31;0,0790;0,1500;0,0000;24,2602;2000,0000;20,0002;0;1
19.01.26 00:59:33;0,0000;0,0000;0,0000;24,2602;2000,0000;20,0002;0;0
19.01.26 00:59:35;0,0000;0,0000;0,0000;24,2602;2000,0000;20,0002;0;0
19.01.26 00:59:37;0,0790;0,1500;0,0000;24,4082;2000,0000;20,0002;0;1
19.01.26 00:59:40;0,0000;0,0000;0,0000;24,4082;2000,0000;20,0002;0;0
19.01.26 00:59:42;0,0000;0,0000;0,0000;24,4082;2000,0000;20,0002;0;0
19.01.26 00:59:44;0,0790;0,1500;0,0000;24,5265;2000,0000;20,0002;0;1
19.01.26 00:59:46;0,0000;0,0000;0,0000;24,5265;2000,0000;20,0002;0;0
19.01.26 00:59:48;0,0000;0,0000;0,0000;24,5265;2000,0000;20,0002;0;0
19.01.26 00:59:50;0,0790;0,1500;0,0000;24,6212;2000,0000;20,0002;0;1
19.01.26 00:59:52;0,0000;0,0000;0,0000;24,6212;2000,0000;20,0002;0;0
19.01.26 00:59:54;0,0000;0,0000;0,0000;24,6212;2000,0000;20,0002;0;0
19.01.26 00:59:56;0,0790;0,1500;0,0000;24,6970;2000,0000;20,0002;0;1
19.01.26 00:59:58;0,0000;0,0000;0,0000;24,6970;2000,0000;20,0002;0;0
19.01.26 01:00:00;0,0000;0,0000;0,0000;24,6970;2000,0000;20,0002;0;0
19.01.26 01:00:02;0,0790;0,1500;0,0000;24,7576;2000,0000;20,0002;0;1
19.01.26 01:00:04;0,0000;0,0000;0,0000;24,7576;2000,0000;20,0002;0;0
19.01.26 01:00:06;0,0000;0,0000;0,0000;24,7576;2000,0000;20,0002;0;0
19.01.26 01:00:08;0,0790;0,1500;0,0000;24,8061;2000,0000;20,0002;0;1
19.01.26 01:00:11;0,0000;0,0000;0,0000;24,8061;2000,0000;20,0002;0;0
19.01.26 01:00:13;0,0000;0,0000;0,0000;24,8061;2000,0000;20,0002;0;0
19.01.26 01:00:15;0,0790;0,1500;0,0000;24,8449;2000,0000;20,0002;0;1
19.01.26 01:00:17;0,0000;0,0000;0,0000;24,8449;2000,0000;20,0002;0;0
19.01.26 01:00:19;0,0000;0,0000;0,0000;24,8449;2000,0000;20,0002;0;0
19.01.26 01:00:21;0,0790;0,1500;0,0000;24,8759;2000,0000;20,0003;0;1
19.01.26 01:00:23;0,0000;0,0000;0,0000;24,8759;2000,0000;20,0003;0;0
19.01.26 01:00:25;0,0000;0,0000;0,0000;24,8759;2000,0000;20,0003;0;0
19.01.26 01:00:27;0,0790;0,1500;0,0000;24,9007;2000,0000;20,0004;0;1
19.01.26 01:00:29;0,0000;0,0000;0,0000;24,9007;2000,0000;20,0004;0;0
19.01.26 01:00:31;0,0000;0,0000;0,0000;24,9007;2000,0000;20,0004;0;0
19.01.26 01:00:33;0,0790;0,1500;0,0000;24,9206;2000,0000;20,0004;0;1
19.01.26 01:00:35;0,0000;0,0000;0,0000;24,9206;2000,0000;20,0004;0;0
19.01.26 01:00:37;0,0000;0,0000;0,0000;24,9206;2000,0000;20,0004;0;0
19.01.26 01:00:39;0,0790;0,1500;0,0000;24,9365;2000,0000;20,0005;0;1
19.01.26 01:00:41;0,0000;0,0000;0,0000;24,9365;2000,0000;20,0005;0;0
19.01.26 01:00:43;0,0000;0,0000;0,0000;24,9365;2000,0000;20,0005;0;0
19.01.26 01:00:46;0,0790;0,1500;0,0000;24,9492;2000,0000;20,0005;0;1
19.01.26 01:00:48;0,0000;0,0000;0,0000;24,9492;2000,0000;20,0005;0;0
19.01.26 01:00:50;0,0000;0,0000;0,0000;24,9492;2000,0000;20,0005;0;0
19.01.26 01:00:52;0,0790;0,1500;0,0000;24,9593;2000,0000;20,0005;0;1
19.01.26 01:00:54;0,0000;0,0000;0,0000;24,9593;2000,0000;20,0005;0;0
19.01.26 01:00:56;0,0000;0,0000;0,0000;24,9593;2000,0000;20,0005;0;0
19.01.26 01:00:58;0,0540;0,1500;0,0000;24,9675;2000,0000;20,0005;0;1
19.01.26 01:01:00;0,0000;0,0000;0,0000;24,9675;2000,0000;20,0005;0;0
19.01.26 01:01:02;0,0000;0,0000;0,0000;24,9675;2000,0000;20,0005;0;0
19.01.26 01:01:04;0,0540;0,1500;0,0000;24,9740;2000,0000;20,0005;0;1
19.01.26 01:01:06;0,0000;0,0000;0,0000;24,9740;2000,0000;20,0005;0;0
19.01.26 01:01:08;0,0000;0,0000;0,0000;24,9740;2000,0000;20,0005;0;0
19.01.26 01:01:10;0,0540;0,1500;0,0000;24,9792;2000,0000;20,0005;0;1
19.01.26 01:01:12;0,0000;0,0000;0,0000;24,9792;2000,0000;20,0005;0;0
19.01.26 01:01:14;0,0000;0,0000;0,0000;24,9792;2000,0000;20,0005;0;0
19.01.26 01:01:16;0,0540;0,1500;0,0000;24,9833;2000,0000;20,0005;0;1
19.01.26 01:01:18;0,0000;0,0000;0,0000;24,9833;2000,0000;20,0005;0;0
19.01.26 01:01:21;0,0000;0,0000;0,0000;24,9833;2000,0000;20,0005;0;0
19.01.26 01:01:23;0,0540;0,1500;0,0000;24,9867;2000,0000;20,0005;0;1
19.01.26 01:01:25;0,0000;0,0000;0,0000;24,9867;2000,0000;20,0005;0;0
19.01.26 01:01:27;0,0000;0,0000;0,0000;24,9867;2000,0000;20,0005;0;0
19.01.26 01:01:29;0,0540;0,1500;0,0000;24,9893;2000,0000;20,0005;0;1
19.01.26 01:01:31;0,0000;0,0000;0,0000;24,9893;2000,0000;20,0005;0;0
19.01.26 01:01:33;0,0000;0,0000;0,0000;24,9893;2000,0000;20,0005;0;0
19.01.26 01:01:35;0,0540;0,1500;0,0000;24,9915;2000,0000;20,0005;0;1
19.01.26 01:01:37;0,0000;0,0000;0,0000;24,9915;2000,0000;20,0005;0;0
19.01.26 01:01:39;0,0000;0,0000;0,0000;24,9915;2000,0000;20,0005;0;0
19.01.26 01:01:41;0,0540;0,1500;0,0000;24,9932;2000,0000;20,0005;0;1
19.01.26 01:01:43;0,0000;0,0000;0,0000;24,9932;2000,0000;20,0005;0;0
19.01.26 01:01:45;0,0000;0,0000;0,0000;24,9932;2000,0000;20,0005;0;0
19.01.26 01:01:47;0,0540;0,1500;0,0000;24,9945;2000,0000;20,0005;0;1
19.01.26 01:01:49;0,0000;0,0000;0,0000;24,9945;2000,0000;20,0005;0;0
19.01.26 01:01:51;0,0000;0,0000;0,0000;24,9945;2000,0000;20,0005;0;0
19.01.26 01:01:53;0,0540;0,1500;0,0000;24,9956;2000,0000;20,0005;0;1
19.01.26 01:01:55;0,0000;0,0000;0,0000;24,9956;2000,0000;20,0005;0;0
19.01.26 01:01:58;0,0000;0,0000;0,0000;24,9956;2000,0000;20,0005;0;0
19.01.26 01:02:00;0,0790;0,1500;0,0000;24,9965;2000,0000;20,0005;0;1
19.01.26 01:02:02;0,0000;0,0000;0,0000;24,9965;2000,0000;20,0005;0;0
19.01.26 01:02:04;0,0000;0,0000;0,0000;24,9965;2000,0000;20,0005;0;0
19.01.26 01:02:06;0,0790;0,1500;0,0000;24,9972;2000,0000;20,0005;0;1
19.01.26 01:02:08;0,0000;0,0000;0,0000;24,9972;2000,0000;20,0005;0;0
19.01.26 01:02:10;0,0000;0,0000;0,0000;24,9972;2000,0000;20,0005;0;0
19.01.26 01:02:12;0,0790;0,1500;0,0000;24,9978;2000,0000;20,0005;0;1
19.01.26 01:02:14;0,0000;0,0000;0,0000;24,9978;2000,0000;20,0005;0;0
19.01.26 01:02:16;0,0000;0,0000;0,0000;24,9978;2000,0000;20,0005;0;0
19.01.26 01:02:18;0,0790;0,1500;0,0000;24,9982;2000,0000;20,0005;0;1
19.01.26 01:02:20;0,0000;0,0000;0,0000;24,9982;2000,0000;20,0005;0;0
19.01.26 01:02:22;0,0000;0,0000;0,0000;24,9982;2000,0000;20,0005;0;0
19.01.26 01:02:24;0,0790;0,1500;0,0000;24,9986;2000,0000;20,0005;0;1
19.01.26 01:02:26;0,0000;0,0000;0,0000;24,9986;2000,0000;20,0005;0;0
19.01.26 01:02:28;0,0000;0,0000;0,0000;24,9986;2000,0000;20,0005;0;0
19.01.26 01:02:30;0,0790;0,1500;0,0000;24,9989;2000,0000;20,0005;0;1
19.01.26 01:02:32;0,0000;0,0000;0,0000;24,9989;2000,0000;20,0005;0;0
19.01.26 01:02:35;0,0000;0,0000;0,0000;24,9989;2000,0000;20,0005;0;0
19.01.26 01:02:37;0,0790;0,1500;0,0000;24,9991;2000,0000;20,0005;0;1
19.01.26 01:02:39;0,0000;0,0000;0,0000;24,9991;2000,0000;20,0005;0;0
19.01.26 01:02:41;0,0000;0,0000;0,0000;24,9991;2000,0000;20,0005;0;0
19.01.26 01:02:43;0,0790;0,1500;0,0000;24,9993;2000,0000;20,0005;0;1
19.01.26 01:02:45;0,0000;0,0000;0,0000;24,9993;2000,0000;20,0005;0;0
19.01.26 01:02:47;0,0000;0,0000;0,0000;24,9993;2000,0000;20,0005;0;0
19.01.26 01:02:49;0,0790;0,1500;0,0000;24,9994;2000,0000;20,0005;0;1
19.01.26 01:02:51;0,0000;0,0000;0,0000;24,9994;2000,0000;20,0005;0;0
19.01.26 01:02:53;0,0000;0,0000;0,0000;24,9994;2000,0000;20,0005;0;0
19.01.26 01:02:55;0,0790;0,1500;0,0000;24,9995;2000,0000;20,0005;0;1
19.01.26 01:02:57;0,0000;0,0000;0,0000;24,9995;2000,0000;20,0005;0;0
19.01.26 01:02:59;0,0000;0,0000;0,0000;24,9995;2000,0000;20,0005;0;0
19.01.26 01:03:01;0,0790;0,1500;0,0000;24,9996;2000,0000;20,0005;0;1
19.01.26 01:03:03;0,0000;0,0000;0,0000;24,9996;2000,0000;20,0005;0;0
19.01.26 01:03:05;0,0000;0,0000;0,0000;24,9996;2000,0000;20,0005;0;0
19.01.26 01:03:07;0,0790;0,1500;0,0000;24,9997;2000,0000;20,0005;0;1
19.01.26 01:03:09;0,0000;0,0000;0,0000;24,9997;2000,0000;20,0005;0;0
19.01.26 01:03:12;0,0000;0,0000;0,0000;24,9997;2000,0000;20,0005;0;0
19.01.26 01:03:14;0,0790;0,1500;0,0000;24,9998;2000,0000;20,0005;0;1
19.01.26 01:03:16;0,0000;0,0000;0,0000;24,9998;2000,0000;20,0005;0;0
19.01.26 01:03:18;0,0000;0,0000;0,0000;24,9998;2000,0000;20,0005;0;0
19.01.26 01:03:20;0,0790;0,1500;0,0000;24,9998;2000,0000;20,0005;0;1
19.01.26 01:03:22;0,0000;0,0000;0,0000;24,9998;2000,0000;20,0005;0;0
19.01.26 01:03:24;0,0000;0,0000;0,0000;24,9998;2000,0000;20,0005;0;0
19.01.26 01:03:26;0,0790;0,1500;0,0000;24,9998;2000,0000;20,0005;0;1
19.01.26 01:03:28;0,0000;0,0000;0,0000;24,9998;2000,0000;20,0005;0;0
19.01.26 01:03:30;0,0000;0,0000;0,0000;24,9998;2000,0000;20,0005;0;0
19.01.26 01:03:32;0,0790;0,1500;0,0000;24,9999;2000,0000;20,0005;0;1
19.01.26 01:03:34;0,0000;0,0000;0,0000;24,9999;2000,0000;20,0005;0;0
19.01.26 01:03:36;0,0000;0,0000;0,0000;24,9999;2000,0000;20,0005;0;0
19.01.26 01:03:38;0,0790;0,1500;0,0000;24,9999;2000,0000;20,0005;0;1
19.01.26 01:03:40;0,0000;0,0000;0,0000;24,9999;2000,0000;20,0005;0;0
19.01.26 01:03:43;0,0000;0,0000;0,0000;24,9999;2000,0000;20,0005;0;0
19.01.26 01:03:45;0,0790;0,1500;0,0000;24,9999;2000,0000;20,0005;0;1
19.01.26 01:03:47;0,0000;0,0000;0,0000;24,9999;2000,0000;20,0005;0;0
19.01.26 01:03:49;0,0000;0,0000;0,0000;24,9999;2000,0000;20,0005;0;0
19.01.26 01:03:51;0,0790;0,1500;0,0000;24,9999;2000,0000;20,0005;0;1
19.01.26 01:03:53;0,0000;0,0000;0,0000;24,9999;2000,0000;20,0005;0;0
19.01.26 01:03:55;0,0000;0,0000;0,0000;24,9999;2000,0000;20,0005;0;0
19.01.26 01:03:57;0,0790;0,1500;0,0000;24,9999;2000,0000;20,0005;0;1
19.01.26 01:03:59;0,0000;0,0000;0,0000;24,9999;2000,0000;20,0005;0;0
19.01.26 01:04:01;0,0000;0,0000;0,0000;24,9999;2000,0000;20,0005;0;0
19.01.26 01:04:03;0,0790;0,1500;0,0000;25,0000;2000,0000;20,0005;0;1
19.01.26 01:04:05;0,0000;0,0000;0,0000;25,0000;2000,0000;20,0005;0;0
19.01.26 01:04:07;0,0000;0,0000;0,0000;25,0000;2000,0000;20,0005;0;0
19.01.26 01:04:09;0,0790;0,1500;0,0000;25,0000;2000,0000;20,0005;0;1
19.01.26 01:04:11;0,0000;0,0000;0,0000;25,0000;2000,0000;20,0005;0;0
19.01.26 01:04:13;0,0000;0,0000;0,0000;25,0000;2000,0000;20,0005;0;0
19.01.26 01:04:15;0,0790;0,1500;0,0000;25,0000;2000,0000;20,0005;0;1
19.01.26 01:04:18;0,0000;0,0000;0,0000;25,0000;2000,0000;20,0005;0;0
19.01.26 01:04:20;0,0000;0,0000;0,0000;25,0000;2000,0000;20,0005;0;0
19.01.26 01:04:22;0,0790;0,1500;0,0000;25,0000;2000,0000;20,0005;0;1
19.01.26 01:04:24;0,0000;0,0000;0,0000;25,0000;2000,0000;20,0005;0;0
19.01.26 01:04:26;0,0000;0,0000;0,0000;25,0000;2000,0000;20,0005;0;0
19.01.26 01:04:28;0,0790;0,1500;0,0000;25,0000;2000,0000;20,0005;0;1
19.01.26 01:04:30;0,0000;0,0000;0,0000;25,0000;2000,0000;20,0005;0;0
19.01.26 01:04:32;0,0000;0,0000;0,0000;25,0000;2000,0000;20,0005;0;0
19.01.26 01:04:34;0,0790;0,1500;0,0000;25,0000;2000,0000;20,0005;0;1
19.01.26 01:04:36;0,0000;0,0000;0,0000;25,0000;2000,0000;20,0005;0;0
19.01.26 01:04:38;0,0000;0,0000;0,0000;25,0000;2000,0000;20,0005;0;0
19.01.26 01:04:40;0,0790;0,1500;0,0000;25,0000;2000,0000;20,0005;0;1
19.01.26 01:04:42;0,0000;0,0000;0,0000;25,0000;2000,0000;20,0005;0;0
19.01.26 01:04:44;0,0000;0,0000;0,0000;25,0000;2000,0000;20,0005;0;0
19.01.26 01:04:46;0,0790;0,1500;0,0000;25,0000;2000,0000;20,0005;0;1
19.01.26 01:04:48;0,0000;0,0000;0,0000;25,0000;2000,0000;20,0005;0;0
19.01.26 01:04:50;0,0000;0,0000;0,0000;25,0000;2000,0000;20,0005;0;0
19.01.26 01:04:52;0,0790;0,1500;0,0000;25,0000;2000,0000;20,0005;0;1
19.01.26 01:04:54;0,0000;0,0000;0,0000;25,0000;2000,0000;20,0005;0;0
19.01.26 01:04:57;0,0000;0,0000;0,0000;25,0000;2000,0000;20,0005;0;0
19.01.26 01:04:59;0,0790;0,1500;0,0000;25,0000;2000,0000;20,0005;0;1
19.01.26 01:05:01;0,0000;0,0000;0,0000;25,0000;2000,0000;20,0005;0;0
19.01.26 01:05:03;0,0000;0,0000;0,0000;25,0000;2000,0000;20,0005;0;0
19.01.26 01:05:05;0,0790;0,1500;0,0000;25,0000;2000,0000;20,0005;0;1
19.01.26 01:05:07;0,0000;0,0000;0,0000;25,0000;2000,0000;20,0005;0;0
19.01.26 01:05:10;0,0790;0,1500;0,0000;25,0000;2000,0000;20,0005;0;1
19.01.26 01:05:12;0,0000;0,0000;0,0000;25,0000;2000,0000;20,0005;0;0
19.01.26 01:05:14;0,0000;0,0000;0,0000;25,0000;2000,0000;20,0005;0;0
19.01.26 01:05:16;0,0790;0,1500;0,0000;25,0000;2000,0000;20,0005;0;1
19.01.26 01:05:18;0,0000;0,0000;0,0000;25,0000;2000,0000;20,0005;0;0
19.01.26 01:05:20;0,0000;0,0000;0,0000;25,0000;2000,0000;20,0005;0;0
19.01.26 01:05:22;0,0790;0,1500;0,0000;25,0000;2000,0000;20,0005;0;1
19.01.26 01:05:24;0,0000;0,0000;0,0000;25,0000;2000,0000;20,0005;0;0
19.01.26 01:05:26;0,0000;0,0000;0,0000;25,0000;2000,0000;20,0005;0;0
19.01.26 01:05:28;0,0790;0,1500;0,0000;25,0000;2000,0000;20,0005;0;1
19.01.26 01:05:30;0,0000;0,0000;0,0000;25,0000;2000,0000;20,0005;0;0
19.01.26 01:05:33;0,0000;0,0000;0,0000;25,0000;2000,0000;20,0005;0;0
19.01.26 01:05:35;0,0790;0,1500;0,0000;25,0000;2000,0000;20,0005;0;1
19.01.26 01:05:37;0,0000;0,0000;0,0000;25,0000;2000,0000;20,0005;0;0
19.01.26 01:05:39;0,0000;0,0000;0,0000;25,0000;2000,0000;20,0005;0;0
19.01.26 01:05:41;0,0790;0,1500;0,0000;25,0000;2000,0000;20,0005;0;1
19.01.26 01:05:43;0,0000;0,0000;0,0000;25,0000;2000,0000;20,0005;0;0
19.01.26 01:05:45;0,0000;0,0000;0,0000;25,0000;2000,0000;20,0005;0;0
19.01.26 01:05:47;0,0790;0,1500;0,0000;25,0000;2000,0000;20,0005;0;1
19.01.26 01:05:49;0,0000;0,0000;0,0000;25,0000;2000,0000;20,0005;0;0
19.01.26 01:05:51;0,0000;0,0000;0,0000;25,0000;2000,0000;20,0005;0;0
19.01.26 01:05:53;0,0790;0,1500;0,0000;25,0000;2000,0000;20,0005;0;1
19.01.26 01:05:55;0,0000;0,0000;0,0000;25,0000;2000,0000;20,0005;0;0
19.01.26 01:05:57;0,0000;0,0000;0,0000;25,0000;2000,0000;20,0005;0;0
19.01.26 01:05:59;0,0790;0,1500;0,0000;25,0000;2000,0000;20,0005;0;1
19.01.26 01:06:01;0,0000;0,0000;0,0000;25,0000;2000,0000;20,0005;0;0
19.01.26 01:06:03;0,0000;0,0000;0,0000;25,0000;2000,0000;20,0005;0;0
19.01.26 01:06:05;0,0790;0,1500;0,0000;25,0000;2000,0000;20,0005;0;1
19.01.26 01:06:08;0,0000;0,0000;0,0000;25,0000;2000,0000;20,0005;0;0
19.01.26 01:06:10;0,0000;0,0000;0,0000;25,0000;2000,0000;20,0005;0;0
19.01.26 01:06:12;0,0790;0,1500;0,0000;25,0000;2000,0000;20,0005;0;1
19.01.26 01:06:14;0,0000;0,0000;0,0000;25,0000;2000,0000;20,0005;0;0
19.01.26 01:06:16;0,0000;0,0000;0,0000;25,0000;2000,0000;20,0005;0;0
19.01.26 01:06:18;0,0790;0,1500;0,0000;25,0000;2000,0000;20,0005;0;1
19.01.26 01:06:20;0,0000;0,0000;0,0000;25,0000;2000,0000;20,0005;0;0
19.01.26 01:06:22;0,0000;0,0000;0,0000;25,0000;2000,0000;20,0005;0;0
19.01.26 01:06:24;0,0790;0,1500;0,0000;25,0000;2000,0000;20,0005;0;1
19.01.26 01:06:26;0,0000;0,0000;0,0000;25,0000;2000,0000;20,0005;0;0
19.01.26 01:06:28;0,0000;0,0000;0,0000;25,0000;2000,0000;20,0005;0;0
19.01.26 01:06:30;0,0790;0,1500;0,0000;25,0000;2000,0000;20,0005;0;1
19.01.26 01:06:33;0,0000;0,0000;0,0000;25,0000;2000,0000;20,0005;0;0
19.01.26 01:06:35;0,0000;0,0000;0,0000;25,0000;2000,0000;20,0005;0;0
19.01.26 01:06:37;0,0790;0,1500;0,0000;25,0000;2000,0000;20,0005;0;1
19.01.26 01:06:39;0,0000;0,0000;0,0000;25,0000;2000,0000;20,0005;0;0
19.01.26 01:06:41;0,0000;0,0000;0,0000;25,0000;2000,0000;20,0005;0;0
19.01.26 01:06:43;0,0790;0,1500;0,0000;25,0000;2000,0000;20,0005;0;1
19.01.26 01:06:45;0,0000;0,0000;0,0000;25,0000;2000,0000;20,0005;0;0
19.01.26 01:06:47;0,0000;0,0000;0,0000;25,0000;2000,0000;20,0005;0;0
19.01.26 01:06:49;0,0790;0,1500;0,0000;25,0000;2000,0000;20,0005;0;1
19.01.26 01:06:51;0,0000;0,0000;0,0000;25,0000;2000,0000;20,0005;0;0
19.01.26 01:06:53;0,0000;0,0000;0,0000;25,0000;2000,0000;20,0005;0;0
19.01.26 01:06:55;0,0790;0,1500;0,0000;25,0000;2000,0000;20,0005;0;1
19.01.26 01:06:58;0,0000;0,0000;0,0000;25,0000;2000,0000;20,0005;0;0
19.01.26 01:07:00;0,0000;0,0000;0,0000;25,0000;2000,0000;20,0005;0;0
19.01.26 01:07:02;0,0790;0,1500;0,0000;25,0000;2000,0000;20,0005;0;1
19.01.26 01:07:04;0,0000;0,0000;0,0000;25,0000;2000,0000;20,0005;0;0
19.01.26 01:07:06;0,0000;0,0000;0,0000;25,0000;2000,0000;20,0005;0;0
19.01.26 01:07:08;0,0790;0,1500;0,0000;25,0000;2000,0000;20,0005;0;1
19.01.26 01:07:10;0,0000;0,0000;0,0000;25,0000;2000,0000;20,0005;0;0
19.01.26 01:07:12;0,0000;0,0000;0,0000;25,0000;2000,0000;20,0005;0;0
19.01.26 01:07:14;0,0790;0,1500;0,0000;25,0000;2000,0000;20,0005;0;1
19.01.26 01:07:16;0,0000;0,0000;0,0000;25,0000;2000,0000;20,0005;0;0
19.01.26 01:07:18;0,0000;0,0000;0,0000;25,0000;2000,0000;20,0005;0;0
19.01.26 01:07:20;0,0790;0,1500;0,0000;25,0000;2000,0000;20,0005;0;1
19.01.26 01:07:22;0,0000;0,0000;0,0000;25,0000;2000,0000;20,0005;0;0
19.01.26 01:07:24;0,0000;0,0000;0,0000;25,0000;2000,0000;20,0005;0;0
19.01.26 01:07:26;0,0790;0,1500;0,0000;25,0000;2000,0000;20,0005;0;1
19.01.26 01:07:29;0,0000;0,0000;0,0000;25,0000;2000,0000;20,0005;0;0
19.01.26 01:07:31;0,0000;0,0000;0,0000;25,0000;2000,0000;20,0005;0;0
19.01.26 01:07:33;0,0790;0,1500;0,0000;25,0000;2000,0000;20,0005;0;1
19.01.26 01:07:35;0,0000;0,0000;0,0000;25,0000;2000,0000;20,0005;0;0
19.01.26 01:07:37;0,0000;0,0000;0,0000;25,0000;2000,0000;20,0005;0;0
19.01.26 01:07:39;0,0790;0,1500;0,0000;25,0000;2000,0000;20,0005;0;1
19.01.26 01:07:41;0,0000;0,0000;0,0000;25,0000;2000,0000;20,0005;0;0
19.01.26 01:07:43;0,0000;0,0000;0,0000;25,0000;2000,0000;20,0005;0;0
19.01.26 01:07:45;0,0790;0,1500;0,0000;25,0000;2000,0000;20,0005;0;1
19.01.26 01:07:47;0,0000;0,0000;0,0000;25,0000;2000,0000;20,0005;0;0
19.01.26 01:07:49;0,0000;0,0000;0,0000;25,0000;2000,0000;20,0005;0;0
19.01.26 01:07:52;0,0790;0,1500;0,0000;25,0000;2000,0000;20,0005;0;1
19.01.26 01:07:54;0,0000;0,0000;0,0000;25,0000;2000,0000;20,0005;0;0
19.01.26 01:07:56;0,0000;0,0000;0,0000;25,0000;2000,0000;20,0005;0;0
19.01.26 01:07:58;0,0790;0,1500;0,0000;25,0000;2000,0000;20,0005;0;1
19.01.26 01:08:00;0,0000;0,0000;0,0000;25,0000;2000,0000;20,0005;0;0
19.01.26 01:08:02;0,0000;0,0000;0,0000;25,0000;2000,0000;20,0005;0;0
19.01.26 01:08:04;0,0790;0,1500;0,0000;25,0000;2000,0000;20,0005;0;1
19.01.26 01:08:06;0,0000;0,0000;0,0000;25,0000;2000,0000;20,0005;0;0
19.01.26 01:08:08;0,0000;0,0000;0,0000;25,0000;2000,0000;20,0005;0;0
19.01.26 01:08:10;0,0790;0,1500;0,0000;25,0000;2000,0000;20,0005;0;1
19.01.26 01:08:12;0,0000;0,0000;0,0000;25,0000;2000,0000;20,0005;0;0
19.01.26 01:08:14;0,0000;0,0000;0,0000;25,0000;2000,0000;20,0005;0;0
19.01.26 01:08:16;0,0790;0,1500;0,0000;25,0000;2000,0000;20,0005;0;1
19.01.26 01:08:18;0,0000;0,0000;0,0000;25,0000;2000,0000;20,0005;0;0
19.01.26 01:08:20;0,0000;0,0000;0,0000;25,0000;2000,0000;20,0005;0;0
19.01.26 01:08:22;0,0790;0,1500;0,0000;25,0000;2000,0000;20,0005;0;1
19.01.26 01:08:25;0,0000;0,0000;0,0000;25,0000;2000,0000;20,0005;0;0
