run_id,timestamp,kp,ki,kd,temp,temp_ref,temp_raw,temp_u,temp_u_p,temp_u_i,temp_u_d,sq_error,mae,start_temp_measured,target_temp_measured,delta_temp_measured
run_1775485413_97f04d0e,1775485414.843196,6.0,981.0,11.0,23.683202743530273,-20.0,20.14360237121582,-100.0,-100.0,0.0,0.1567607969045639,1908.2222019323708,43.68320274353027,23.683202743530273,-20.0,43.68320274353027
run_1775485413_97f04d0e,1775485417.2417152,6.0,981.0,11.0,23.638790130615234,-20.0,20.043624877929688,-100.0,-100.0,0.0,0.5224685072898865,1904.3440040638816,43.638790130615234,23.683202743530273,-20.0,43.68320274353027
run_1775485413_97f04d0e,1775485419.6420636,6.0,981.0,11.0,23.638790130615234,-20.0,20.093637466430664,-100.0,-100.0,0.0,0.496182918548584,1904.3440040638816,43.638790130615234,23.683202743530273,-20.0,43.68320274353027
run_1775485413_97f04d0e,1775485422.0448017,6.0,981.0,11.0,23.59433364868164,-20.0,20.043624877929688,-100.0,-100.0,0.0,0.44885241985321045,1900.4659262725763,43.59433364868164,23.683202743530273,-20.0,43.68320274353027
run_1775485413_97f04d0e,1775485424.4517329,6.0,981.0,11.0,23.59433364868164,-20.0,20.043624877929688,-100.0,-100.0,0.0,0.38618558645248413,1900.4659262725763,43.59433364868164,23.683202743530273,-20.0,43.68320274353027
run_1775485413_97f04d0e,1775485426.850178,6.0,981.0,11.0,23.59433364868164,-20.0,20.043624877929688,-100.0,-100.0,0.0,0.7484841346740723,1900.4659262725763,43.59433364868164,23.683202743530273,-20.0,43.68320274353027
run_1775485413_97f04d0e,1775485429.2553103,6.0,981.0,11.0,23.59433364868164,-20.0,20.043624877929688,-100.0,-100.0,0.0,-0.11616069823503494,1900.4659262725763,43.59433364868164,23.683202743530273,-20.0,43.68320274353027
run_1775485413_97f04d0e,1775485431.6515932,6.0,981.0,11.0,23.638790130615234,-20.0,20.093637466430664,-100.0,-100.0,0.0,0.7015302777290344,1904.3440040638816,43.638790130615234,23.683202743530273,-20.0,43.68320274353027
run_1775485413_97f04d0e,1775485434.0500412,6.0,981.0,11.0,23.549909591674805,-20.0,19.993648529052734,-100.0,-100.0,0.0,0.6346117258071899,1896.5946254430492,43.549909591674805,23.683202743530273,-20.0,43.68320274353027
run_1775485413_97f04d0e,1775485436.4451935,6.0,981.0,11.0,23.549909591674805,-20.0,19.993648529052734,-100.0,-100.0,0.0,0.5460099577903748,1896.5946254430492,43.549909591674805,23.683202743530273,-20.0,43.68320274353027
run_1775485413_97f04d0e,1775485438.846531,6.0,981.0,11.0,23.549909591674805,-20.0,19.993648529052734,-100.0,-100.0,0.0,0.09478972852230072,1896.5946254430492,43.549909591674805,23.683202743530273,-20.0,43.68320274353027
run_1775485413_97f04d0e,1775485441.2381463,6.0,981.0,11.0,23.549909591674805,-20.0,19.993648529052734,-100.0,-100.0,0.0,0.4462566375732422,1896.5946254430492,43.549909591674805,23.683202743530273,-20.0,43.68320274353027
run_1775485413_97f04d0e,1775485443.6355877,6.0,981.0,11.0,23.549909591674805,-20.0,19.993648529052734,-100.0,-100.0,0.0,0.0005303344805724919,1896.5946254430492,43.549909591674805,23.683202743530273,-20.0,43.68320274353027
run_1775485413_97f04d0e,1775485446.0460534,6.0,981.0,11.0,23.59433364868164,-20.0,19.993648529052734,-100.0,-100.0,0.0,0.39563503861427307,1900.4659262725763,43.59433364868164,23.683202743530273,-20.0,43.68320274353027
run_1775485413_97f04d0e,1775485448.4433706,6.0,981.0,11.0,23.549909591674805,-20.0,19.993648529052734,-100.0,-100.0,0.0,-0.050815463066101074,1896.5946254430492,43.549909591674805,23.683202743530273,-20.0,43.68320274353027
run_1775485413_97f04d0e,1775485450.8312771,6.0,981.0,11.0,23.59433364868164,-20.0,20.043624877929688,-100.0,-100.0,0.0,0.7524423003196716,1900.4659262725763,43.59433364868164,23.683202743530273,-20.0,43.68320274353027
run_1775485413_97f04d0e,1775485453.2379277,6.0,981.0,11.0,23.505470275878906,-20.0,19.943653106689453,-100.0,-100.0,0.0,0.2520983815193176,1892.725943925383,43.505470275878906,23.683202743530273,-20.0,43.68320274353027
run_1775485413_97f04d0e,1775485455.6259289,6.0,981.0,11.0,23.549909591674805,-20.0,19.993648529052734,-100.0,-100.0,0.0,0.22805091738700867,1896.5946254430492,43.549909591674805,23.683202743530273,-20.0,43.68320274353027
run_1775485413_97f04d0e,1775485458.021436,6.0,981.0,11.0,23.505470275878906,-20.0,19.943653106689453,-100.0,-100.0,0.0,0.5785123705863953,1892.725943925383,43.505470275878906,23.683202743530273,-20.0,43.68320274353027
run_1775485413_97f04d0e,1775485460.4229145,6.0,981.0,11.0,23.505470275878906,-20.0,19.943653106689453,-100.0,-100.0,0.0,0.49774301052093506,1892.725943925383,43.505470275878906,23.683202743530273,-20.0,43.68320274353027
run_1775485413_97f04d0e,1775485462.8226514,6.0,981.0,11.0,23.505470275878906,-20.0,19.943653106689453,-100.0,-100.0,0.0,0.450263649225235,1892.725943925383,43.505470275878906,23.683202743530273,-20.0,43.68320274353027
run_1775485413_97f04d0e,1775485465.2405581,6.0,981.0,11.0,23.505470275878906,-20.0,19.993648529052734,-100.0,-100.0,0.0,0.4104757606983185,1892.725943925383,43.505470275878906,23.683202743530273,-20.0,43.68320274353027
run_1775485413_97f04d0e,1775485467.6465461,6.0,981.0,11.0,23.549909591674805,-20.0,19.993648529052734,-100.0,-100.0,0.0,-0.008432622067630291,1896.5946254430492,43.549909591674805,23.683202743530273,-20.0,43.68320274353027
run_1775485413_97f04d0e,1775485470.0410192,6.0,981.0,11.0,23.505470275878906,-20.0,19.943653106689453,-100.0,-100.0,0.0,0.3645867705345154,1892.725943925383,43.505470275878906,23.683202743530273,-20.0,43.68320274353027
run_1775485413_97f04d0e,1775485472.442017,6.0,981.0,11.0,23.505470275878906,-20.0,19.943653106689453,-100.0,-100.0,0.0,-0.07766319066286087,1892.725943925383,43.505470275878906,23.683202743530273,-20.0,43.68320274353027
run_1775485413_97f04d0e,1775485474.847365,6.0,981.0,11.0,23.505470275878906,-20.0,19.943653106689453,-100.0,-100.0,0.0,0.3057103753089905,1892.725943925383,43.505470275878906,23.683202743530273,-20.0,43.68320274353027
run_1775485413_97f04d0e,1775485477.253638,6.0,981.0,11.0,23.505470275878906,-20.0,19.943653106689453,-100.0,-100.0,0.0,0.2630283534526825,1892.725943925383,43.505470275878906,23.683202743530273,-20.0,43.68320274353027
run_1775485413_97f04d0e,1775485479.6681778,6.0,981.0,11.0,23.505470275878906,-20.0,19.943653106689453,-100.0,-100.0,0.0,0.2379382997751236,1892.725943925383,43.505470275878906,23.683202743530273,-20.0,43.68320274353027
run_1775485413_97f04d0e,1775485482.074067,6.0,981.0,11.0,23.505470275878906,-20.0,19.943653106689453,-100.0,-100.0,0.0,0.215241476893425,1892.725943925383,43.505470275878906,23.683202743530273,-20.0,43.68320274353027
run_1775485413_97f04d0e,1775485484.479009,6.0,981.0,11.0,23.505470275878906,-20.0,19.943653106689453,-100.0,-100.0,0.0,0.1851903796195984,1892.725943925383,43.505470275878906,23.683202743530273,-20.0,43.68320274353027
run_1775485413_97f04d0e,1775485486.8801968,6.0,981.0,11.0,23.549909591674805,-20.0,19.943653106689453,-100.0,-100.0,0.0,0.19891993701457977,1896.5946254430492,43.549909591674805,23.683202743530273,-20.0,43.68320274353027
run_1775485413_97f04d0e,1775485489.2685602,6.0,981.0,11.0,23.505470275878906,-20.0,19.943653106689453,-100.0,-100.0,0.0,0.17114761471748352,1892.725943925383,43.505470275878906,23.683202743530273,-20.0,43.68320274353027
run_1775485413_97f04d0e,1775485491.6637712,6.0,981.0,11.0,23.505470275878906,-20.0,19.943653106689453,-100.0,-100.0,0.0,0.1548219472169876,1892.725943925383,43.505470275878906,23.683202743530273,-20.0,43.68320274353027
run_1775485413_97f04d0e,1775485494.054645,6.0,981.0,11.0,23.505470275878906,-20.0,19.943653106689453,-100.0,-100.0,0.0,0.14005358517169952,1892.725943925383,43.505470275878906,23.683202743530273,-20.0,43.68320274353027
run_1775485413_97f04d0e,1775485496.4519572,6.0,981.0,11.0,23.549909591674805,-20.0,19.993648529052734,-100.0,-100.0,0.0,0.1433456987142563,1896.5946254430492,43.549909591674805,23.683202743530273,-20.0,43.68320274353027
run_1775485413_97f04d0e,1775485498.8528585,6.0,981.0,11.0,23.505470275878906,-20.0,19.943653106689453,-100.0,-100.0,0.0,0.12967202067375183,1892.725943925383,43.505470275878906,23.683202743530273,-20.0,43.68320274353027
run_1775485413_97f04d0e,1775485501.2539594,6.0,981.0,11.0,23.505470275878906,-20.0,19.943653106689453,-100.0,-100.0,0.0,-0.29172879457473755,1892.725943925383,43.505470275878906,23.683202743530273,-20.0,43.68320274353027
run_1775485413_97f04d0e,1775485503.6541092,6.0,981.0,11.0,23.505470275878906,-20.0,19.943653106689453,-100.0,-100.0,0.0,0.12354330718517303,1892.725943925383,43.505470275878906,23.683202743530273,-20.0,43.68320274353027
run_1775485413_97f04d0e,1775485506.0689664,6.0,981.0,11.0,23.505470275878906,-20.0,19.993648529052734,-100.0,-100.0,0.0,0.537295401096344,1892.725943925383,43.505470275878906,23.683202743530273,-20.0,43.68320274353027
run_1775485413_97f04d0e,1775485508.4637365,6.0,981.0,11.0,23.46104621887207,-20.0,19.8936767578125,-100.0,-100.0,0.0,0.48604315519332886,1888.8625384389343,43.46104621887207,23.683202743530273,-20.0,43.68320274353027
run_1775485413_97f04d0e,1775485510.8659108,6.0,981.0,11.0,23.505470275878906,-20.0,19.943653106689453,-100.0,-100.0,0.0,0.056231942027807236,1892.725943925383,43.505470275878906,23.683202743530273,-20.0,43.68320274353027
run_1775485413_97f04d0e,1775485513.2799847,6.0,981.0,11.0,23.505470275878906,-20.0,19.993648529052734,-100.0,-100.0,0.0,0.07946266233921051,1892.725943925383,43.505470275878906,23.683202743530273,-20.0,43.68320274353027
run_1775485413_97f04d0e,1775485515.6742458,6.0,981.0,11.0,23.46104621887207,-20.0,19.8936767578125,-100.0,-100.0,0.0,0.4591939449310303,1888.8625384389343,43.46104621887207,23.683202743530273,-20.0,43.68320274353027
run_1775485413_97f04d0e,1775485518.0810473,6.0,981.0,11.0,23.46104621887207,-20.0,19.8936767578125,-100.0,-100.0,0.0,0.39508333802223206,1888.8625384389343,43.46104621887207,23.683202743530273,-20.0,43.68320274353027
run_1775485413_97f04d0e,1775485520.477875,6.0,981.0,11.0,23.46104621887207,-20.0,19.8936767578125,-100.0,-100.0,0.0,0.35739654302597046,1888.8625384389343,43.46104621887207,23.683202743530273,-20.0,43.68320274353027
run_1775485413_97f04d0e,1775485522.885198,6.0,981.0,11.0,23.46104621887207,-20.0,19.8936767578125,-100.0,-100.0,0.0,0.3233047127723694,1888.8625384389343,43.46104621887207,23.683202743530273,-20.0,43.68320274353027
run_1775485413_97f04d0e,1775485525.3188775,6.0,981.0,11.0,23.46104621887207,-20.0,19.8936767578125,-100.0,-100.0,0.0,0.27816635370254517,1888.8625384389343,43.46104621887207,23.683202743530273,-20.0,43.68320274353027
run_1775485413_97f04d0e,1775485527.7228782,6.0,981.0,11.0,23.46104621887207,-20.0,19.8936767578125,-100.0,-100.0,0.0,0.2516322433948517,1888.8625384389343,43.46104621887207,23.683202743530273,-20.0,43.68320274353027
run_1775485413_97f04d0e,1775485530.119023,6.0,981.0,11.0,23.46104621887207,-20.0,19.943653106689453,-100.0,-100.0,0.0,0.24027281999588013,1888.8625384389343,43.46104621887207,23.683202743530273,-20.0,43.68320274353027
run_1775485413_97f04d0e,1775485532.521153,6.0,981.0,11.0,23.46104621887207,-20.0,19.8936767578125,-100.0,-100.0,0.0,0.22852593660354614,1888.8625384389343,43.46104621887207,23.683202743530273,-20.0,43.68320274353027
run_1775485413_97f04d0e,1775485534.9560063,6.0,981.0,11.0,23.46104621887207,-20.0,19.8936767578125,-100.0,-100.0,0.0,0.1966201215982437,1888.8625384389343,43.46104621887207,23.683202743530273,-20.0,43.68320274353027
run_1775485413_97f04d0e,1775485537.3486638,6.0,981.0,11.0,23.46104621887207,-20.0,19.8936767578125,-100.0,-100.0,0.0,0.5724481344223022,1888.8625384389343,43.46104621887207,23.683202743530273,-20.0,43.68320274353027
run_1775485413_97f04d0e,1775485539.753461,6.0,981.0,11.0,23.416608810424805,-20.0,19.843685150146484,-100.0,-100.0,0.0,0.5178425312042236,1885.0019205974568,43.416608810424805,23.683202743530273,-20.0,43.68320274353027
run_1775485413_97f04d0e,1775485542.1607134,6.0,981.0,11.0,23.46104621887207,-20.0,19.843685150146484,-100.0,-100.0,0.0,0.060592424124479294,1888.8625384389343,43.46104621887207,23.683202743530273,-20.0,43.68320274353027
run_1775485413_97f04d0e,1775485544.5624506,6.0,981.0,11.0,23.46104621887207,-20.0,19.8936767578125,-100.0,-100.0,0.0,0.4540691077709198,1888.8625384389343,43.46104621887207,23.683202743530273,-20.0,43.68320274353027
run_1775485413_97f04d0e,1775485546.965001,6.0,981.0,11.0,23.37218475341797,-20.0,19.79370880126953,-100.0,-100.0,0.0,0.7942035794258118,1881.146410284622,43.37218475341797,23.683202743530273,-20.0,43.68320274353027
run_1775485413_97f04d0e,1775485549.3782015,6.0,981.0,11.0,23.416608810424805,-20.0,19.843685150146484,-100.0,-100.0,0.0,1.110238790512085,1885.0019205974568,43.416608810424805,23.683202743530273,-20.0,43.68320274353027
run_1775485413_97f04d0e,1775485551.7750423,6.0,981.0,11.0,23.327735900878906,-20.0,19.743703842163086,-100.0,-100.0,0.0,1.0043336153030396,1877.2926982963108,43.327735900878906,23.683202743530273,-20.0,43.68320274353027
run_1775485413_97f04d0e,1775485554.165582,6.0,981.0,11.0,23.283300399780273,-20.0,19.643707275390625,-100.0,-100.0,0.0,1.6089309453964233,1873.4440934976192,43.28330039978027,23.683202743530273,-20.0,43.68320274353027
run_1775485413_97f04d0e,1775485556.580126,6.0,981.0,11.0,23.23885154724121,-20.0,19.643707275390625,-100.0,-100.0,0.0,1.455456018447876,1869.5982831243637,43.23885154724121,23.683202743530273,-20.0,43.68320274353027
run_1775485413_97f04d0e,1775485558.9769309,6.0,981.0,11.0,23.194446563720703,-20.0,19.593751907348633,-100.0,-100.0,0.0,1.6999043226242065,1865.7602139461233,43.1944465637207,23.683202743530273,-20.0,43.68320274353027
run_1775485413_97f04d0e,1775485561.3694243,6.0,981.0,11.0,23.10558319091797,-20.0,19.4937801361084,-100.0,-100.0,0.0,2.6249496936798096,1858.0913022291497,43.10558319091797,23.683202743530273,-20.0,43.68320274353027
run_1775485413_97f04d0e,1775485563.7639923,6.0,981.0,11.0,23.061176300048828,-20.0,19.443824768066406,-100.0,-100.0,0.0,1.9795550107955933,1854.2649043438869,43.06117630004883,23.683202743530273,-20.0,43.68320274353027
run_1775485413_97f04d0e,1775485566.1594818,6.0,981.0,11.0,23.01673126220703,-20.0,19.293872833251953,-100.0,-100.0,0.0,3.1921982765197754,1850.4391684849397,43.01673126220703,23.683202743530273,-20.0,43.68320274353027
run_1775485413_97f04d0e,1775485568.571857,6.0,981.0,11.0,22.927886962890625,-20.0,19.293872833251953,-100.0,-100.0,0.0,2.8876965045928955,1842.803479098715,42.927886962890625,23.683202743530273,-20.0,43.68320274353027
run_1775485413_97f04d0e,1775485570.9722416,6.0,981.0,11.0,22.794599533081055,-20.0,19.143924713134766,-100.0,-100.0,0.0,3.76271653175354,1831.3777491967812,42.794599533081055,23.683202743530273,-20.0,43.68320274353027
run_1775485413_97f04d0e,1775485573.3670025,6.0,981.0,11.0,22.750158309936523,-20.0,19.09392738342285,-100.0,-100.0,0.0,3.9978973865509033,1827.5760355246348,42.75015830993652,23.683202743530273,-20.0,43.68320274353027
run_1775485413_97f04d0e,1775485575.7661848,6.0,981.0,11.0,22.705760955810547,-20.0,19.043981552124023,-100.0,-100.0,0.0,4.406765937805176,1823.7820188148326,42.70576095581055,23.683202743530273,-20.0,43.68320274353027
run_1775485413_97f04d0e,1775485578.1696668,6.0,981.0,11.0,22.572484970092773,-20.0,18.794143676757812,-100.0,-100.0,0.0,4.91918420791626,1812.416476528775,42.57248497009277,23.683202743530273,-20.0,43.68320274353027
run_1775485413_97f04d0e,1775485580.5659876,6.0,981.0,11.0,22.439247131347656,-20.0,18.744152069091797,-100.0,-100.0,0.0,5.623962879180908,1801.0896970756003,42.439247131347656,23.683202743530273,-20.0,43.68320274353027
run_1775485413_97f04d0e,1775485582.9668443,6.0,981.0,11.0,22.350419998168945,-20.0,18.594228744506836,-100.0,-100.0,0.0,5.478845119476318,1793.5580740213081,42.350419998168945,23.683202743530273,-20.0,43.68320274353027
run_1775485413_97f04d0e,1775485585.3637815,6.0,981.0,11.0,22.172725677490234,-20.0,18.44431495666504,-100.0,-100.0,0.0,5.808324337005615,1778.5387910688441,42.172725677490234,23.683202743530273,-20.0,43.68320274353027
run_1775485413_97f04d0e,1775485587.768774,6.0,981.0,11.0,22.12833595275879,-20.0,18.394378662109375,-100.0,-100.0,0.0,6.021293640136719,1774.7966901485088,42.12833595275879,23.683202743530273,-20.0,43.68320274353027
run_1775485413_97f04d0e,1775485590.1678994,6.0,981.0,11.0,21.995086669921875,-20.0,18.24447250366211,-100.0,-100.0,0.0,6.293498516082764,1763.58730441425,41.995086669921875,23.683202743530273,-20.0,43.68320274353027
run_1775485413_97f04d0e,1775485592.5671027,6.0,981.0,11.0,21.950687408447266,-20.0,18.194522857666016,-100.0,-100.0,0.0,6.89030122756958,1759.860174041256,41.950687408447266,23.683202743530273,-20.0,43.68320274353027
run_1775485413_97f04d0e,1775485594.9738095,6.0,981.0,11.0,21.817445755004883,-20.0,18.044626235961914,-100.0,-100.0,0.0,6.233038902282715,1748.698769472776,41.81744575500488,23.683202743530273,-20.0,43.68320274353027
run_1775485413_97f04d0e,1775485597.3926418,6.0,981.0,11.0,21.59540557861328,-20.0,17.794830322265625,-100.0,-100.0,0.0,7.215938091278076,1730.1777652493329,41.59540557861328,23.683202743530273,-20.0,43.68320274353027
run_1775485413_97f04d0e,1775485599.8023596,6.0,981.0,11.0,21.551025390625,-20.0,17.744903564453125,-100.0,-100.0,0.0,7.294473648071289,1726.4877110123634,41.551025390625,23.683202743530273,-20.0,43.68320274353027
run_1775485413_97f04d0e,1775485602.1992204,6.0,981.0,11.0,21.373382568359375,-20.0,17.545055389404297,-100.0,-100.0,0.0,7.749631881713867,1711.7567851478234,41.373382568359375,23.683202743530273,-20.0,43.68320274353027
run_1775485413_97f04d0e,1775485604.6120696,6.0,981.0,11.0,21.284587860107422,-20.0,17.445159912109375,-100.0,-100.0,0.0,8.582775115966797,1704.4171947789291,41.28458786010742,23.683202743530273,-20.0,43.68320274353027
run_1775485413_97f04d0e,1775485607.0251143,6.0,981.0,11.0,21.151405334472656,-20.0,17.245391845703125,-100.0,-100.0,0.0,8.154997825622559,1693.4381610020646,41.151405334472656,23.683202743530273,-20.0,43.68320274353027
run_1775485413_97f04d0e,1775485609.43734,6.0,981.0,11.0,20.929414749145508,-20.0,17.045591354370117,-100.0,-100.0,0.0,8.505152702331543,1675.2169917075698,40.92941474914551,23.683202743530273,-20.0,43.68320274353027
run_1775485413_97f04d0e,1775485611.8458123,6.0,981.0,11.0,20.840633392333984,-20.0,16.945711135864258,-100.0,-100.0,0.0,9.227165222167969,1667.9573358870257,40.840633392333984,23.683202743530273,-20.0,43.68320274353027
run_1775485413_97f04d0e,1775485614.2410054,6.0,981.0,11.0,20.663061141967773,-20.0,16.745943069458008,-100.0,-100.0,0.0,8.675201416015625,1653.4845414354095,40.66306114196777,23.683202743530273,-20.0,43.68320274353027
run_1775485413_97f04d0e,1775485616.634468,6.0,981.0,11.0,20.529909133911133,-20.0,16.596147537231445,-100.0,-100.0,0.0,9.38137149810791,1642.673534403093,40.52990913391113,23.683202743530273,-20.0,43.68320274353027
run_1775485413_97f04d0e,1775485619.0436206,6.0,981.0,11.0,20.48548698425293,-20.0,16.396385192871094,-100.0,-100.0,0.0,9.659002304077148,1639.0746563521134,40.48548698425293,23.683202743530273,-20.0,43.68320274353027
run_1775485413_97f04d0e,1775485621.4355745,6.0,981.0,11.0,20.17481231689453,-20.0,16.196664810180664,-100.0,-100.0,0.0,9.828422546386719,1614.0155446977005,40.17481231689453,23.683202743530273,-20.0,43.68320274353027
run_1775485413_97f04d0e,1775485623.8306153,6.0,981.0,11.0,20.130413055419922,-20.0,16.146713256835938,-100.0,-100.0,0.0,10.447239875793457,1610.4500519986177,40.13041305541992,23.683202743530273,-20.0,43.68320274353027
run_1775485413_97f04d0e,1775485626.2274375,6.0,981.0,11.0,19.90850067138672,-20.0,15.897062301635742,-100.0,-100.0,0.0,10.50618839263916,1592.6884258380742,39.90850067138672,23.683202743530273,-20.0,43.68320274353027
run_1775485413_97f04d0e,1775485628.6306734,6.0,981.0,11.0,19.730985641479492,-20.0,15.697358131408691,-100.0,-100.0,0.0,11.475285530090332,1578.5512200434496,39.73098564147949,23.683202743530273,-20.0,43.68320274353027
run_1775485413_97f04d0e,1775485631.030132,6.0,981.0,11.0,19.597858428955078,-20.0,15.447741508483887,-100.0,-100.0,0.0,11.162269592285156,1567.9903921595687,39.59785842895508,23.683202743530273,-20.0,43.68320274353027
run_1775485413_97f04d0e,1775485633.4321873,6.0,981.0,11.0,19.37600326538086,-20.0,15.298004150390625,-100.0,-100.0,0.0,10.70465087890625,1550.469633155284,39.37600326538086,23.683202743530273,-20.0,43.68320274353027
run_1775485413_97f04d0e,1775485635.835059,6.0,981.0,11.0,19.331626892089844,-20.0,15.24808120727539,-100.0,-100.0,0.0,11.263057708740234,1546.976873978565,39.331626892089844,23.683202743530273,-20.0,43.68320274353027
run_1775485413_97f04d0e,1775485638.2489543,6.0,981.0,11.0,19.065420150756836,-20.0,14.948596954345703,-100.0,-100.0,0.0,10.79438591003418,1526.1070515551583,39.065420150756836,23.683202743530273,-20.0,43.68320274353027
run_1775485413_97f04d0e,1775485640.658991,6.0,981.0,11.0,18.932308197021484,-20.0,14.798848152160645,-100.0,-100.0,0.0,11.726930618286133,1515.7246215478663,38.932308197021484,23.683202743530273,-20.0,43.68320274353027
run_1775485413_97f04d0e,1775485643.0631924,6.0,981.0,11.0,18.843589782714844,-20.0,14.599228858947754,-100.0,-100.0,0.0,11.235257148742676,1508.824467207829,38.843589782714844,23.683202743530273,-20.0,43.68320274353027
run_1775485413_97f04d0e,1775485645.4738002,6.0,981.0,11.0,18.577425003051758,-20.0,14.399602890014648,-100.0,-100.0,0.0,11.323919296264648,1488.217719866083,38.57742500305176,23.683202743530273,-20.0,43.68320274353027
run_1775485413_97f04d0e,1775485647.8788574,6.0,981.0,11.0,18.533061981201172,-20.0,14.249896049499512,-100.0,-100.0,0.0,11.420382499694824,1484.7968656470912,38.53306198120117,23.683202743530273,-20.0,43.68320274353027
run_1775485413_97f04d0e,1775485650.2737682,6.0,981.0,11.0,18.35563087463379,-20.0,14.15008544921875,-100.0,-100.0,0.0,11.342761039733887,1471.1544197911608,38.35563087463379,23.683202743530273,-20.0,43.68320274353027
run_1775485413_97f04d0e,1775485652.7164109,6.0,981.0,11.0,18.17819595336914,-20.0,13.950470924377441,-100.0,-100.0,0.0,12.246199607849121,1457.5746462538518,38.17819595336914,23.683202743530273,-20.0,43.68320274353027
run_1775485413_97f04d0e,1775485655.1168504,6.0,981.0,11.0,18.045156478881836,-20.0,13.701018333435059,-100.0,-100.0,0.0,12.084232330322266,1447.4339315026045,38.045156478881836,23.683202743530273,-20.0,43.68320274353027
run_1775485413_97f04d0e,1775485657.5436296,6.0,981.0,11.0,17.779064178466797,-20.0,13.501448631286621,-100.0,-100.0,0.0,11.704895973205566,1427.2576902007131,37.7790641784668,23.683202743530273,-20.0,43.68320274353027
run_1775485413_97f04d0e,1775485659.944438,6.0,981.0,11.0,17.73471450805664,-20.0,13.301875114440918,-100.0,-100.0,0.0,12.167284965515137,1423.9086790045403,37.73471450805664,23.683202743530273,-20.0,43.68320274353027
run_1775485413_97f04d0e,1775485662.3440733,6.0,981.0,11.0,17.512983322143555,-20.0,13.202106475830078,-100.0,-100.0,0.0,11.602212905883789,1407.2239177274205,37.512983322143555,23.683202743530273,-20.0,43.68320274353027
run_1775485413_97f04d0e,1775485664.7445252,6.0,981.0,11.0,17.335643768310547,-20.0,13.00260066986084,-100.0,-100.0,0.0,12.456631660461426,1393.9502955941862,37.33564376831055,23.683202743530273,-20.0,43.68320274353027
run_1775485413_97f04d0e,1775485667.1435318,6.0,981.0,11.0,17.246944427490234,-20.0,12.803055763244629,-100.0,-100.0,0.0,12.280046463012695,1387.3348691845458,37.246944427490234,23.683202743530273,-20.0,43.68320274353027
run_1775485413_97f04d0e,1775485669.5547686,6.0,981.0,11.0,16.980924606323242,-20.0,12.603540420532227,-100.0,-100.0,0.0,11.88168716430664,1367.5887847385638,36.98092460632324,23.683202743530273,-20.0,43.68320274353027
run_1775485413_97f04d0e,1775485671.953578,6.0,981.0,11.0,16.892263412475586,-20.0,12.404019355773926,-100.0,-100.0,0.0,12.310827255249023,1361.0390996954848,36.892263412475586,23.683202743530273,-20.0,43.68320274353027
run_1775485413_97f04d0e,1775485674.3547263,6.0,981.0,11.0,16.670597076416016,-20.0,12.25442123413086,-100.0,-100.0,0.0,12.889421463012695,1344.7326899408508,36.670597076416016,23.683202743530273,-20.0,43.68320274353027
run_1775485413_97f04d0e,1775485676.7519815,6.0,981.0,11.0,16.49327850341797,-20.0,12.054938316345215,-100.0,-100.0,0.0,13.26164436340332,1331.759375928028,36.49327850341797,23.683202743530273,-20.0,43.68320274353027
run_1775485413_97f04d0e,1775485679.161362,6.0,981.0,11.0,16.360301971435547,-20.0,11.8056001663208,-100.0,-100.0,0.0,12.57002067565918,1322.0715594539797,36.36030197143555,23.683202743530273,-20.0,43.68320274353027
run_1775485413_97f04d0e,1775485681.5615118,6.0,981.0,11.0,16.138690948486328,-20.0,11.656026840209961,-100.0,-100.0,0.0,12.143649101257324,1306.0049834702077,36.13869094848633,23.683202743530273,-20.0,43.68320274353027
run_1775485413_97f04d0e,1775485683.956038,6.0,981.0,11.0,16.138690948486328,-20.0,11.406699180603027,-100.0,-100.0,0.0,12.949604034423828,1306.0049834702077,36.13869094848633,23.683202743530273,-20.0,43.68320274353027
run_1775485413_97f04d0e,1775485686.359329,6.0,981.0,11.0,15.828421592712402,-20.0,11.306974411010742,-100.0,-100.0,0.0,12.274648666381836,1283.6757938251403,35.8284215927124,23.683202743530273,-20.0,43.68320274353027
run_1775485413_97f04d0e,1775485688.756289,6.0,981.0,11.0,15.651168823242188,-20.0,11.107565879821777,-100.0,-100.0,0.0,12.251436233520508,1271.0058384633157,35.65116882324219,23.683202743530273,-20.0,43.68320274353027
run_1775485413_97f04d0e,1775485691.167581,6.0,981.0,11.0,15.518245697021484,-20.0,10.908154487609863,-100.0,-100.0,0.0,12.793548583984375,1261.5457773939852,35.518245697021484,23.683202743530273,-20.0,43.68320274353027
run_1775485413_97f04d0e,1775485693.5640802,6.0,981.0,11.0,15.385299682617188,-20.0,10.80846118927002,-100.0,-100.0,0.0,12.361428260803223,1252.119433628628,35.38529968261719,23.683202743530273,-20.0,43.68320274353027
run_1775485413_97f04d0e,1775485695.9752984,6.0,981.0,11.0,15.119450569152832,-20.0,10.459531784057617,-100.0,-100.0,0.0,13.098947525024414,1233.3758082791692,35.11945056915283,23.683202743530273,-20.0,43.68320274353027
run_1775485413_97f04d0e,1775485698.3671262,6.0,981.0,11.0,14.98652172088623,-20.0,10.35983657836914,-100.0,-100.0,0.0,12.81592845916748,1224.056702126044,34.98652172088623,23.683202743530273,-20.0,43.68320274353027
run_1775485413_97f04d0e,1775485700.7568524,6.0,981.0,11.0,14.764999389648438,-20.0,10.110624313354492,-100.0,-100.0,0.0,12.740713119506836,1208.6051825622562,34.76499938964844,23.683202743530273,-20.0,43.68320274353027
run_1775485413_97f04d0e,1775485703.1665645,6.0,981.0,11.0,14.720722198486328,-20.0,9.96114444732666,-100.0,-100.0,0.0,13.28141975402832,1205.5285499844613,34.72072219848633,23.683202743530273,-20.0,43.68320274353027
run_1775485413_97f04d0e,1775485705.572546,6.0,981.0,11.0,14.499221801757812,-20.0,9.811623573303223,-100.0,-100.0,0.0,13.196425437927246,1190.1963049268816,34.49922180175781,23.683202743530273,-20.0,43.68320274353027
run_1775485413_97f04d0e,1775485707.9805098,6.0,981.0,11.0,14.277765274047852,-20.0,9.512636184692383,-100.0,-100.0,0.0,13.096746444702148,1174.9651921827208,34.27776527404785,23.683202743530273,-20.0,43.68320274353027
run_1775485413_97f04d0e,1775485710.3730025,6.0,981.0,11.0,14.14484691619873,-20.0,9.412952423095703,-100.0,-100.0,0.0,13.211536407470703,1165.870570930646,34.14484691619873,23.683202743530273,-20.0,43.68320274353027
run_1775485413_97f04d0e,1775485712.7753396,6.0,981.0,11.0,13.879110336303711,-20.0,9.113999366760254,-100.0,-100.0,0.0,13.09826374053955,1147.794117179441,33.87911033630371,23.683202743530273,-20.0,43.68320274353027
run_1775485413_97f04d0e,1775485715.187325,6.0,981.0,11.0,13.834835052490234,-20.0,8.964550018310547,-100.0,-100.0,0.0,12.382661819458008,1144.7960630292218,33.834835052490234,23.683202743530273,-20.0,43.68320274353027
run_1775485413_97f04d0e,1775485717.596336,6.0,981.0,11.0,13.657672882080078,-20.0,8.864882469177246,-100.0,-100.0,0.0,13.519026756286621,1132.8389438371087,33.65767288208008,23.683202743530273,-20.0,43.68320274353027
run_1775485413_97f04d0e,1775485719.9959445,6.0,981.0,11.0,13.436283111572266,-20.0,8.61581802368164,-100.0,-100.0,0.0,12.607756614685059,1117.9850283172127,33.436283111572266,23.683202743530273,-20.0,43.68320274353027
run_1775485413_97f04d0e,1775485722.4020307,6.0,981.0,11.0,13.259162902832031,-20.0,8.416558265686035,-100.0,-100.0,0.0,13.09811782836914,1106.1719169971184,33.25916290283203,23.683202743530273,-20.0,43.68320274353027
run_1775485413_97f04d0e,1775485724.8101966,6.0,981.0,11.0,13.17058277130127,-20.0,8.316905975341797,-100.0,-100.0,0.0,12.628478050231934,1100.2875613877486,33.17058277130127,23.683202743530273,-20.0,43.68320274353027
run_1775485413_97f04d0e,1775485727.20615,6.0,981.0,11.0,12.949228286743164,-20.0,8.01806926727295,-100.0,-100.0,0.0,12.312361717224121,1085.6516446919159,32.949228286743164,23.683202743530273,-20.0,43.68320274353027
run_1775485413_97f04d0e,1775485729.6176786,6.0,981.0,11.0,12.816398620605469,-20.0,7.918447971343994,-100.0,-100.0,0.0,12.667110443115234,1076.9160184264765,32.81639862060547,23.683202743530273,-20.0,43.68320274353027
run_1775485413_97f04d0e,1775485732.0180717,6.0,981.0,11.0,12.639328002929688,-20.0,7.719244480133057,-100.0,-100.0,0.0,12.215375900268555,1065.32573248283,32.63932800292969,23.683202743530273,-20.0,43.68320274353027
run_1775485413_97f04d0e,1775485734.4109037,6.0,981.0,11.0,12.417984008789062,-20.0,7.470232963562012,-100.0,-100.0,0.0,13.112399101257324,1050.9256871941034,32.41798400878906,23.683202743530273,-20.0,43.68320274353027
run_1775485413_97f04d0e,1775485736.8138556,6.0,981.0,11.0,12.329448699951172,-20.0,7.37062931060791,-100.0,-100.0,0.0,12.641169548034668,1045.1932532427745,32.32944869995117,23.683202743530273,-20.0,43.68320274353027
run_1775485413_97f04d0e,1775485739.2006571,6.0,981.0,11.0,12.10812759399414,-20.0,7.071877479553223,-100.0,-100.0,0.0,12.322859764099121,1030.931857592208,32.10812759399414,23.683202743530273,-20.0,43.68320274353027
run_1775485413_97f04d0e,1775485741.6022398,6.0,981.0,11.0,11.975364685058594,-20.0,6.972285270690918,-100.0,-100.0,0.0,12.676434516906738,1022.4239467424923,31.975364685058594,23.683202743530273,-20.0,43.68320274353027
run_1775485413_97f04d0e,1775485744.0071442,6.0,981.0,11.0,11.798316955566406,-20.0,6.773106575012207,-100.0,-100.0,0.0,12.238898277282715,1011.132961206662,31.798316955566406,23.683202743530273,-20.0,43.68320274353027
run_1775485413_97f04d0e,1775485746.4092698,6.0,981.0,11.0,11.621309280395508,-20.0,6.573972702026367,-100.0,-100.0,0.0,13.178912162780762,999.9072006064271,31.621309280395508,23.683202743530273,-20.0,43.68320274353027
run_1775485413_97f04d0e,1775485748.8064876,6.0,981.0,11.0,11.488567352294922,-20.0,6.424638748168945,-100.0,-100.0,0.0,12.31161880493164,991.5298739000136,31.488567352294922,23.683202743530273,-20.0,43.68320274353027
run_1775485413_97f04d0e,1775485751.214801,6.0,981.0,11.0,11.311535835266113,-20.0,6.125927448272705,-100.0,-100.0,0.0,12.43250560760498,980.412276363154,31.311535835266113,23.683202743530273,-20.0,43.68320274353027
run_1775485413_97f04d0e,1775485753.6100492,6.0,981.0,11.0,11.134557723999023,-20.0,6.0263776779174805,-100.0,-100.0,0.0,12.774827003479004,969.3606846690273,31.134557723999023,23.683202743530273,-20.0,43.68320274353027
run_1775485413_97f04d0e,1775485756.0078208,6.0,981.0,11.0,10.913329124450684,-20.0,5.77749490737915,-100.0,-100.0,0.0,12.71357250213623,955.6339175566109,30.913329124450684,23.683202743530273,-20.0,43.68320274353027
run_1775485413_97f04d0e,1775485758.4137945,6.0,981.0,11.0,10.780590057373047,-20.0,5.628164291381836,-100.0,-100.0,0.0,12.8507080078125,947.4447242800525,30.780590057373047,23.683202743530273,-20.0,43.68320274353027
run_1775485413_97f04d0e,1775485760.8386316,6.0,981.0,11.0,10.692117691040039,-20.0,5.528631687164307,-100.0,-100.0,0.0,12.403868675231934,942.0060883606529,30.69211769104004,23.683202743530273,-20.0,43.68320274353027
run_1775485413_97f04d0e,1775485763.2430205,6.0,981.0,11.0,10.515192031860352,-20.0,5.2300333976745605,-100.0,-100.0,0.0,12.155508995056152,931.1769447413135,30.51519203186035,23.683202743530273,-20.0,43.68320274353027
run_1775485413_97f04d0e,1775485765.6419342,6.0,981.0,11.0,10.338232040405273,-20.0,5.13051176071167,-100.0,-100.0,0.0,12.523823738098145,920.4083233374731,30.338232040405273,23.683202743530273,-20.0,43.68320274353027
run_1775485413_97f04d0e,1775485768.0391302,6.0,981.0,11.0,10.117063522338867,-20.0,4.881697177886963,-100.0,-100.0,0.0,12.486204147338867,907.0375152085944,30.117063522338867,23.683202743530273,-20.0,43.68320274353027
run_1775485413_97f04d0e,1775485770.4474432,6.0,981.0,11.0,9.98436164855957,-20.0,4.732407093048096,-100.0,-100.0,0.0,13.075041770935059,899.06194347161,29.98436164855957,23.683202743530273,-20.0,43.68320274353027
run_1775485413_97f04d0e,1775485772.852306,6.0,981.0,11.0,9.851696014404297,-20.0,4.583157539367676,-100.0,-100.0,0.0,12.606705665588379,891.1237549364014,29.851696014404297,23.683202743530273,-20.0,43.68320274353027
run_1775485413_97f04d0e,1775485775.2559147,6.0,981.0,11.0,9.586321830749512,-20.0,4.28461217880249,-100.0,-100.0,0.0,12.344141006469727,875.3504394726851,29.58632183074951,23.683202743530273,-20.0,43.68320274353027
run_1775485413_97f04d0e,1775485777.6613874,6.0,981.0,11.0,9.497883796691895,-20.0,4.185119152069092,-100.0,-100.0,0.0,12.709949493408203,870.1251484831382,29.497883796691895,23.683202743530273,-20.0,43.68320274353027
run_1775485413_97f04d0e,1775485780.0688179,6.0,981.0,11.0,9.32103157043457,-20.0,3.9861607551574707,-100.0,-100.0,0.0,12.447367668151855,859.7228923544208,29.32103157043457,23.683202743530273,-20.0,43.68320274353027
run_1775485413_97f04d0e,1775485782.473313,6.0,981.0,11.0,9.144145965576172,-20.0,3.787163496017456,-100.0,-100.0,0.0,12.83408260345459,849.3812440628099,29.144145965576172,23.683202743530273,-20.0,43.68320274353027
run_1775485413_97f04d0e,1775485784.870046,6.0,981.0,11.0,9.055721282958984,-20.0,3.588210344314575,-100.0,-100.0,0.0,12.388528823852539,844.2349392729957,29.055721282958984,23.683202743530273,-20.0,43.68320274353027
run_1775485413_97f04d0e,1775485787.278923,6.0,981.0,11.0,8.790448188781738,-20.0,3.389254093170166,-100.0,-100.0,0.0,12.155757904052734,828.8899069109257,28.79044818878174,23.683202743530273,-20.0,43.68320274353027
run_1775485413_97f04d0e,1775485789.675301,6.0,981.0,11.0,8.702033996582031,-20.0,3.289788246154785,-100.0,-100.0,0.0,12.539109230041504,823.8067555409507,28.70203399658203,23.683202743530273,-20.0,43.68320274353027
run_1775485413_97f04d0e,1775485792.0747764,6.0,981.0,11.0,8.525186538696289,-20.0,3.090834617614746,-100.0,-100.0,0.0,12.114049911499023,813.68626706742,28.52518653869629,23.683202743530273,-20.0,43.68320274353027
run_1775485413_97f04d0e,1775485794.4726753,6.0,981.0,11.0,8.304170608520508,-20.0,2.842191696166992,-100.0,-100.0,0.0,13.05282974243164,801.1260738362362,28.304170608520508,23.683202743530273,-20.0,43.68320274353027
run_1775485413_97f04d0e,1775485796.8797226,6.0,981.0,11.0,8.215742111206055,-20.0,2.6432628631591797,-100.0,-100.0,0.0,12.601950645446777,796.1281028860867,28.215742111206055,23.683202743530273,-20.0,43.68320274353027
run_1775485413_97f04d0e,1775485799.280805,6.0,981.0,11.0,7.950559616088867,-20.0,2.4443798065185547,-100.0,-100.0,0.0,12.338850021362305,781.2337828525378,27.950559616088867,23.683202743530273,-20.0,43.68320274353027
run_1775485413_97f04d0e,1775485801.6772032,6.0,981.0,11.0,7.862157821655273,-20.0,2.3449275493621826,-100.0,-100.0,0.0,12.71941089630127,776.2998384788261,27.862157821655273,23.683202743530273,-20.0,43.68320274353027
run_1775485413_97f04d0e,1775485804.0778766,6.0,981.0,11.0,7.685389041900635,-20.0,2.1460623741149902,-100.0,-100.0,0.0,12.470550537109375,766.4807664013917,27.685389041900635,23.683202743530273,-20.0,43.68320274353027
run_1775485413_97f04d0e,1775485806.479211,6.0,981.0,11.0,7.5086164474487305,-20.0,1.9471931457519531,-100.0,-100.0,0.0,12.854048728942871,756.7239788528468,27.50861644744873,23.683202743530273,-20.0,43.68320274353027
run_1775485413_97f04d0e,1775485808.8878,6.0,981.0,11.0,7.420241355895996,-20.0,1.7483525276184082,-100.0,-100.0,0.0,12.421910285949707,751.8696360155891,27.420241355895996,23.683202743530273,-20.0,43.68320274353027
run_1775485413_97f04d0e,1775485811.291439,6.0,981.0,11.0,7.155088901519775,-20.0,1.5494753122329712,-100.0,-100.0,0.0,12.183880805969238,737.3988532494425,27.155088901519775,23.683202743530273,-20.0,43.68320274353027
run_1775485413_97f04d0e,1775485813.6954932,6.0,981.0,11.0,7.066725254058838,-20.0,1.4500659704208374,-100.0,-100.0,0.0,12.578678131103516,732.6076159787065,27.066725254058838,23.683202743530273,-20.0,43.68320274353027
run_1775485413_97f04d0e,1775485816.0990868,6.0,981.0,11.0,6.89003324508667,-20.0,1.251287579536438,-100.0,-100.0,0.0,12.34933853149414,723.0738879218663,26.89003324508667,23.683202743530273,-20.0,43.68320274353027
run_1775485413_97f04d0e,1775485818.5033305,6.0,981.0,11.0,6.713279724121094,-20.0,1.0524399280548096,-100.0,-100.0,0.0,12.743705749511719,713.5993136191391,26.713279724121094,23.683202743530273,-20.0,43.68320274353027
run_1775485413_97f04d0e,1775485820.908964,6.0,981.0,11.0,6.624929904937744,-20.0,0.8536547422409058,-100.0,-100.0,0.0,12.321870803833008,708.8868924428482,26.624929904937744,23.683202743530273,-20.0,43.68320274353027
run_1775485413_97f04d0e,1775485823.3144124,6.0,981.0,11.0,6.448222637176514,-20.0,0.7542498707771301,-100.0,-100.0,0.0,12.113015174865723,699.5084806656562,26.448222637176514,23.683202743530273,-20.0,43.68320274353027
run_1775485413_97f04d0e,1775485825.7190871,6.0,981.0,11.0,6.271509647369385,-20.0,0.5554481148719788,-100.0,-100.0,0.0,12.514154434204102,690.1922191518227,26.271509647369385,23.683202743530273,-20.0,43.68320274353027
run_1775485413_97f04d0e,1775485828.146772,6.0,981.0,11.0,6.18317174911499,-20.0,0.4063880443572998,-100.0,-100.0,0.0,12.331245422363281,685.5584828436533,26.18317174911499,23.683202743530273,-20.0,43.68320274353027
run_1775485413_97f04d0e,1775485830.5430114,6.0,981.0,11.0,5.962317943572998,-20.0,0.2076079398393631,-100.0,-100.0,0.0,11.536252975463867,674.0419530031725,25.962317943572998,23.683202743530273,-20.0,43.68320274353027
run_1775485413_97f04d0e,1775485832.9417331,6.0,981.0,11.0,5.873990535736084,-20.0,0.00885683298110962,-100.0,-100.0,0.0,11.976795196533203,669.4633862433604,25.873990535736084,23.683202743530273,-20.0,43.68320274353027
run_1775485413_97f04d0e,1775485835.3347454,6.0,981.0,11.0,5.697328090667725,-20.0,-0.09050619602203369,-100.0,-100.0,0.0,11.815354347229004,660.3526709994205,25.697328090667725,23.683202743530273,-20.0,43.68320274353027
run_1775485413_97f04d0e,1775485837.7372656,6.0,981.0,11.0,5.520689487457275,-20.0,-0.2892242670059204,-100.0,-100.0,0.0,12.24473762512207,651.3055919152123,25.520689487457275,23.683202743530273,-20.0,43.68320274353027
run_1775485413_97f04d0e,1775485840.1340475,6.0,981.0,11.0,5.432346343994141,-20.0,-0.4879609942436218,-100.0,-100.0,0.0,11.678963661193848,646.8042405608721,25.43234634399414,23.683202743530273,-20.0,43.68320274353027
run_1775485413_97f04d0e,1775485842.540771,6.0,981.0,11.0,5.211578845977783,-20.0,-0.6369737386703491,-100.0,-100.0,0.0,11.909403800964355,635.6237079069545,25.211578845977783,23.683202743530273,-20.0,43.68320274353027
run_1775485413_97f04d0e,1775485844.945903,6.0,981.0,11.0,5.1232590675354,-20.0,-0.8356907963752747,-100.0,-100.0,0.0,11.787375450134277,631.1781461744997,25.1232590675354,23.683202743530273,-20.0,43.68320274353027
run_1775485413_97f04d0e,1775485847.3566353,6.0,981.0,11.0,4.94664192199707,-20.0,-0.9350281953811646,-100.0,-100.0,0.0,11.652111053466797,622.3349431843417,24.94664192199707,23.683202743530273,-20.0,43.68320274353027
run_1775485413_97f04d0e,1775485849.7584035,6.0,981.0,11.0,4.770035266876221,-20.0,-1.133710265159607,-100.0,-100.0,0.0,11.295138359069824,613.5546471222917,24.77003526687622,23.683202743530273,-20.0,43.68320274353027
run_1775485413_97f04d0e,1775485852.1580627,6.0,981.0,11.0,4.681757926940918,-20.0,-1.3323642015457153,-100.0,-100.0,0.0,11.565420150756836,609.1891743641108,24.681757926940918,23.683202743530273,-20.0,43.68320274353027
run_1775485413_97f04d0e,1775485854.5672185,6.0,981.0,11.0,4.54927396774292,-20.0,-1.3820666074752808,-100.0,-100.0,0.0,11.23954963684082,602.6668523433002,24.54927396774292,23.683202743530273,-20.0,43.68320274353027
run_1775485413_97f04d0e,1775485856.9652941,6.0,981.0,11.0,4.372720718383789,-20.0,-1.6800205707550049,-100.0,-100.0,0.0,11.707596778869629,594.0295152163344,24.37272071838379,23.683202743530273,-20.0,43.68320274353027
run_1775485413_97f04d0e,1775485859.3685074,6.0,981.0,11.0,4.1961493492126465,-20.0,-1.7793322801589966,-100.0,-100.0,0.0,11.59776496887207,585.4536433294036,24.196149349212646,23.683202743530273,-20.0,43.68320274353027
run_1775485413_97f04d0e,1775485861.7714603,6.0,981.0,11.0,4.063732147216797,-20.0,-1.9283020496368408,-100.0,-100.0,0.0,10.868552207946777,579.0632048529951,24.063732147216797,23.683202743530273,-20.0,43.68320274353027
run_1775485413_97f04d0e,1775485864.165728,6.0,981.0,11.0,3.975431442260742,-20.0,-2.126924991607666,-100.0,-100.0,0.0,11.594239234924316,574.821312842545,23.975431442260742,23.683202743530273,-20.0,43.68320274353027
run_1775485413_97f04d0e,1775485866.574511,6.0,981.0,11.0,3.79891300201416,-20.0,-2.2262229919433594,-100.0,-100.0,0.0,10.876977920532227,566.3882600774386,23.79891300201416,23.683202743530273,-20.0,43.68320274353027
run_1775485413_97f04d0e,1775485868.9794981,6.0,981.0,11.0,3.6664979457855225,-20.0,-2.474496603012085,-100.0,-100.0,0.0,11.379363059997559,560.1031250178703,23.666497945785522,23.683202743530273,-20.0,43.68320274353027
run_1775485413_97f04d0e,1775485871.385372,6.0,981.0,11.0,3.4899845123291016,-20.0,-2.57376766204834,-100.0,-100.0,0.0,11.31500244140625,551.7793723894611,23.4899845123291,23.683202743530273,-20.0,43.68320274353027
run_1775485413_97f04d0e,1775485873.7781525,6.0,981.0,11.0,3.313464879989624,-20.0,-2.7723519802093506,-100.0,-100.0,0.0,10.989686012268066,543.5176447105096,23.313464879989624,23.683202743530273,-20.0,43.68320274353027
run_1775485413_97f04d0e,1775485876.1825693,6.0,981.0,11.0,3.2693350315093994,-20.0,-2.921293020248413,-100.0,-100.0,0.0,11.362528800964355,541.4619528086305,23.2693350315094,23.683202743530273,-20.0,43.68320274353027
run_1775485413_97f04d0e,1775485878.5769029,6.0,981.0,11.0,3.0928285121917725,-20.0,-3.0205681324005127,-100.0,-100.0,0.0,10.66726303100586,533.2787286934972,23.092828512191772,23.683202743530273,-20.0,43.68320274353027
run_1775485413_97f04d0e,1775485880.9745052,6.0,981.0,11.0,2.960460662841797,-20.0,-3.2687644958496094,-100.0,-100.0,0.0,11.205220222473145,527.1827538499056,22.960460662841797,23.683202743530273,-20.0,43.68320274353027
run_1775485413_97f04d0e,1775485883.3781023,6.0,981.0,11.0,2.8280842304229736,-20.0,-3.3184049129486084,-100.0,-100.0,0.0,10.79534912109375,521.121429631286,22.828084230422974,23.683202743530273,-20.0,43.68320274353027
run_1775485413_97f04d0e,1775485885.7774057,6.0,981.0,11.0,2.651620626449585,-20.0,-3.5169270038604736,-100.0,-100.0,0.0,10.534697532653809,513.0959170045962,22.651620626449585,23.683202743530273,-20.0,43.68320274353027
run_1775485413_97f04d0e,1775485888.1909623,6.0,981.0,11.0,2.5633790493011475,-20.0,-3.715452194213867,-100.0,-100.0,0.0,10.917669296264648,509.10607412244195,22.563379049301147,23.683202743530273,-20.0,43.68320274353027
run_1775485413_97f04d0e,1775485890.5862641,6.0,981.0,11.0,2.431035280227661,-20.0,-3.765084981918335,-100.0,-100.0,0.0,10.6530179977417,503.151343742818,22.43103528022766,23.683202743530273,-20.0,43.68320274353027
run_1775485413_97f04d0e,1775485892.9884493,6.0,981.0,11.0,2.254566192626953,-20.0,-4.062856674194336,-100.0,-100.0,0.0,11.192204475402832,495.2657164220145,22.254566192626953,23.683202743530273,-20.0,43.68320274353027
run_1775485413_97f04d0e,1775485895.3960633,6.0,981.0,11.0,2.0781373977661133,-20.0,-4.162095546722412,-100.0,-100.0,0.0,11.153075218200684,487.44415095463864,22.078137397766113,23.683202743530273,-20.0,43.68320274353027
run_1775485413_97f04d0e,1775485897.800889,6.0,981.0,11.0,1.9458293914794922,-20.0,-4.310941696166992,-100.0,-100.0,0.0,10.473661422729492,481.61942767992514,21.945829391479492,23.683202743530273,-20.0,43.68320274353027
run_1775485413_97f04d0e,1775485900.1932182,6.0,981.0,11.0,1.8575944900512695,-20.0,-4.509435176849365,-100.0,-100.0,0.0,11.269145965576172,477.7544368915196,21.85759449005127,23.683202743530273,-20.0,43.68320274353027
run_1775485413_97f04d0e,1775485902.5978875,6.0,981.0,11.0,1.6811747550964355,-20.0,-4.608678340911865,-100.0,-100.0,0.0,10.71820068359375,470.073338761031,21.681174755096436,23.683202743530273,-20.0,43.68320274353027
run_1775485413_97f04d0e,1775485904.9924123,6.0,981.0,11.0,1.5488848686218262,-20.0,-4.856722354888916,-100.0,-100.0,0.0,11.142735481262207,464.3544390811187,21.548884868621826,23.683202743530273,-20.0,43.68320274353027
run_1775485413_97f04d0e,1775485907.3980615,6.0,981.0,11.0,1.4165730476379395,-20.0,-4.906355381011963,-100.0,-100.0,0.0,10.756908416748047,458.6696011048118,21.41657304763794,23.683202743530273,-20.0,43.68320274353027
run_1775485413_97f04d0e,1775485909.8029883,6.0,981.0,11.0,1.240194320678711,-20.0,-5.104781150817871,-100.0,-100.0,0.0,10.499682426452637,451.14585478019217,21.24019432067871,23.683202743530273,-20.0,43.68320274353027
run_1775485413_97f04d0e,1775485912.2130268,6.0,981.0,11.0,1.1960945129394531,-20.0,-5.2536163330078125,-100.0,-100.0,0.0,10.667911529541016,449.274422601462,21.196094512939453,23.683202743530273,-20.0,43.68320274353027
run_1775485413_97f04d0e,1775485914.6221402,6.0,981.0,11.0,1.0197148323059082,-20.0,-5.352820873260498,-100.0,-100.0,0.0,10.686386108398438,441.828411631461,21.019714832305908,23.683202743530273,-20.0,43.68320274353027
run_1775485413_97f04d0e,1775485917.0345535,6.0,981.0,11.0,0.8433465957641602,-20.0,-5.60082483291626,-100.0,-100.0,0.0,10.832175254821777,434.4450973111534,20.84334659576416,23.683202743530273,-20.0,43.68320274353027
run_1775485413_97f04d0e,1775485919.4414306,6.0,981.0,11.0,0.7110810279846191,-20.0,-5.700033664703369,-100.0,-100.0,0.0,10.858610153198242,428.9488773477444,20.71108102798462,23.683202743530273,-20.0,43.68320274353027
run_1775485413_97f04d0e,1775485921.848229,6.0,981.0,11.0,0.578819751739502,-20.0,-5.848827838897705,-100.0,-100.0,0.0,10.207237243652344,423.48782237458386,20.578819751739502,23.683202743530273,-20.0,43.68320274353027
run_1775485413_97f04d0e,1775485924.273654,6.0,981.0,11.0,0.4024643898010254,-20.0,-6.047227382659912,-100.0,-100.0,0.0,11.053698539733887,416.2605531770989,20.402464389801025,23.683202743530273,-20.0,43.68320274353027
run_1775485413_97f04d0e,1775485926.6764414,6.0,981.0,11.0,0.3143186569213867,-20.0,-6.14639139175415,-100.0,-100.0,0.0,10.387520790100098,412.67154249494433,20.314318656921387,23.683202743530273,-20.0,43.68320274353027
run_1775485413_97f04d0e,1775485929.083351,6.0,981.0,11.0,0.18207740783691406,-20.0,-6.3943352699279785,-100.0,-100.0,0.0,10.429547309875488,407.3162484959212,20.182077407836914,23.683202743530273,-20.0,43.68320274353027
run_1775485413_97f04d0e,1775485931.476634,6.0,981.0,11.0,0.04982709884643555,-20.0,-6.443944454193115,-100.0,-100.0,0.0,10.611614227294922,401.9955666936369,20.049827098846436,23.683202743530273,-20.0,43.68320274353027
run_1775485413_97f04d0e,1775485933.8725622,6.0,981.0,11.0,-0.12648344039916992,-20.0,-6.642293930053711,-100.0,-100.0,0.0,10.367886543273926,394.9566604447284,19.87351655960083,23.683202743530273,-20.0,43.68320274353027
run_1775485413_97f04d0e,1775485936.2774541,6.0,981.0,11.0,-0.25869035720825195,-20.0,-6.791026592254639,-100.0,-100.0,0.0,10.84725284576416,389.71930641258245,19.741309642791748,23.683202743530273,-20.0,43.68320274353027
run_1775485413_97f04d0e,1775485938.6915135,6.0,981.0,11.0,-0.3468303680419922,-20.0,-6.89018440246582,-100.0,-100.0,0.0,10.6046781539917,386.24707658251646,19.653169631958008,23.683202743530273,-20.0,43.68320274353027
run_1775485413_97f04d0e,1775485941.092114,6.0,981.0,11.0,-0.47905588150024414,-20.0,-7.1381049156188965,-100.0,-100.0,0.0,10.254338264465332,381.0672592775902,19.520944118499756,23.683202743530273,-20.0,43.68320274353027
run_1775485413_97f04d0e,1775485943.4992614,6.0,981.0,11.0,-0.6112766265869141,-20.0,-7.187685966491699,-100.0,-100.0,0.0,10.452594757080078,375.9225940507349,19.388723373413086,23.683202743530273,-20.0,43.68320274353027
run_1775485413_97f04d0e,1775485945.8960989,6.0,981.0,11.0,-0.7875461578369141,-20.0,-7.385989189147949,-100.0,-100.0,0.0,10.223977088928223,369.1183826372471,19.212453842163086,23.683202743530273,-20.0,43.68320274353027
run_1775485413_97f04d0e,1775485948.3036044,6.0,981.0,11.0,-0.9197392463684082,-20.0,-7.5347065925598145,-100.0,-100.0,0.0,10.700922012329102,364.056350426574,19.080260753631592,23.683202743530273,-20.0,43.68320274353027
run_1775485413_97f04d0e,1775485950.6966667,6.0,981.0,11.0,-1.0078577995300293,-20.0,-7.633840084075928,-100.0,-100.0,0.0,10.472005844116211,360.70146536287234,18.99214220046997,23.683202743530273,-20.0,43.68320274353027
run_1775485413_97f04d0e,1775485953.0936663,6.0,981.0,11.0,-1.1400408744812012,-20.0,-7.881689071655273,-100.0,-100.0,0.0,10.139925956726074,355.6980582162398,18.8599591255188,23.683202743530273,-20.0,43.68320274353027
run_1775485413_97f04d0e,1775485955.4903703,6.0,981.0,11.0,-1.316293716430664,-20.0,-7.980830192565918,-100.0,-100.0,0.0,10.325617790222168,349.0808804906883,18.683706283569336,23.683202743530273,-20.0,43.68320274353027
run_1775485413_97f04d0e,1775485957.8839593,6.0,981.0,11.0,-1.3603544235229492,-20.0,-8.1295166015625,-100.0,-100.0,0.0,10.124361038208008,347.4363872166805,18.63964557647705,23.683202743530273,-20.0,43.68320274353027
run_1775485413_97f04d0e,1775485960.2877653,6.0,981.0,11.0,-1.5806069374084473,-20.0,-8.278182983398438,-100.0,-100.0,0.0,9.8292875289917,339.2740407942458,18.419393062591553,23.683202743530273,-20.0,43.68320274353027
run_1775485413_97f04d0e,1775485962.6827238,6.0,981.0,11.0,-1.668722152709961,-20.0,-8.377312660217285,-100.0,-100.0,0.0,10.032977104187012,336.03574751454653,18.33127784729004,23.683202743530273,-20.0,43.68320274353027
run_1775485413_97f04d0e,1775485965.0824785,6.0,981.0,11.0,-1.800889015197754,-20.0,-8.526000022888184,-100.0,-100.0,0.0,10.139153480529785,331.2076406371498,18.199110984802246,23.683202743530273,-20.0,43.68320274353027
run_1775485413_97f04d0e,1775485967.4914021,6.0,981.0,11.0,-1.9330334663391113,-20.0,-8.674662590026855,-100.0,-100.0,0.0,10.347865104675293,326.41527972842255,18.06696653366089,23.683202743530273,-20.0,43.68320274353027
run_1775485413_97f04d0e,1775485969.899269,6.0,981.0,11.0,-2.0211234092712402,-20.0,-8.872844696044922,-100.0,-100.0,0.0,10.144193649291992,323.2400034646546,17.97887659072876,23.683202743530273,-20.0,43.68320274353027
run_1775485413_97f04d0e,1775485972.2913263,6.0,981.0,11.0,-2.2413711547851562,-20.0,-9.0215425491333,-100.0,-100.0,0.0,9.846590042114258,315.3688984620967,17.758628845214844,23.683202743530273,-20.0,43.68320274353027
run_1775485413_97f04d0e,1775485974.6960833,6.0,981.0,11.0,-2.3294363021850586,-20.0,-9.12061595916748,-100.0,-100.0,0.0,10.048123359680176,312.24882139853526,17.67056369781494,23.683202743530273,-20.0,43.68320274353027
run_1775485413_97f04d0e,1775485977.1045053,6.0,981.0,11.0,-2.4615578651428223,-20.0,-9.26925277709961,-100.0,-100.0,0.0,10.151728630065918,307.5969525177336,17.538442134857178,23.683202743530273,-20.0,43.68320274353027
run_1775485413_97f04d0e,1775485979.5104334,6.0,981.0,11.0,-2.5936737060546875,-20.0,-9.417882919311523,-100.0,-100.0,0.0,10.359107971191406,302.98019505129196,17.406326293945312,23.683202743530273,-20.0,43.68320274353027
run_1775485413_97f04d0e,1775485981.9079876,6.0,981.0,11.0,-2.681758403778076,-20.0,-9.616036415100098,-100.0,-100.0,0.0,10.154186248779297,299.9214919851113,17.318241596221924,23.683202743530273,-20.0,43.68320274353027
run_1775485413_97f04d0e,1775485984.3077474,6.0,981.0,11.0,-2.8138785362243652,-20.0,-9.665613174438477,-100.0,-100.0,0.0,9.870055198669434,295.36277096764957,17.186121463775635,23.683202743530273,-20.0,43.68320274353027
run_1775485413_97f04d0e,1775485986.7060354,6.0,981.0,11.0,-2.989985942840576,-20.0,-9.863734245300293,-100.0,-100.0,0.0,10.464850425720215,289.3405782247612,17.010014057159424,23.683202743530273,-20.0,43.68320274353027
run_1775485413_97f04d0e,1775485989.1018367,6.0,981.0,11.0,-3.078057289123535,-20.0,-10.012353897094727,-100.0,-100.0,0.0,10.155865669250488,286.3521451101851,16.921942710876465,23.683202743530273,-20.0,43.68320274353027
run_1775485413_97f04d0e,1775485991.5085864,6.0,981.0,11.0,-3.254178524017334,-20.0,-10.160950660705566,-100.0,-100.0,0.0,9.563380241394043,280.4225369054823,16.745821475982666,23.683202743530273,-20.0,43.68320274353027
run_1775485413_97f04d0e,1775485993.9048574,6.0,981.0,11.0,-3.3422131538391113,-20.0,-10.309556007385254,-100.0,-100.0,0.0,9.780402183532715,277.4818626121307,16.65778684616089,23.683202743530273,-20.0,43.68320274353027
run_1775485413_97f04d0e,1775485996.3034163,6.0,981.0,11.0,-3.47430419921875,-20.0,-10.408592224121094,-100.0,-100.0,0.0,9.905853271484375,273.09862169995904,16.52569580078125,23.683202743530273,-20.0,43.68320274353027
run_1775485413_97f04d0e,1775485998.7064714,6.0,981.0,11.0,-3.6063876152038574,-20.0,-10.557186126708984,-100.0,-100.0,0.0,10.12441349029541,268.75052702294147,16.393612384796143,23.683202743530273,-20.0,43.68320274353027
run_1775485413_97f04d0e,1775486001.1001832,6.0,981.0,11.0,-3.694425582885742,-20.0,-10.705758094787598,-100.0,-100.0,0.0,9.862717628479004,265.87175707205097,16.305574417114258,23.683202743530273,-20.0,43.68320274353027
run_1775485413_97f04d0e,1775486003.5058014,6.0,981.0,11.0,-3.870509624481201,-20.0,-10.854323387145996,-100.0,-100.0,0.0,9.298110008239746,260.16045977395356,16.1294903755188,23.683202743530273,-20.0,43.68320274353027
run_1775485413_97f04d0e,1775486005.9298282,6.0,981.0,11.0,-3.958554744720459,-20.0,-11.002899169921875,-100.0,-100.0,0.0,9.54019546508789,257.3279658781305,16.04144525527954,23.683202743530273,-20.0,43.68320274353027
run_1775485413_97f04d0e,1775486008.3330524,6.0,981.0,11.0,-4.090617656707764,-20.0,-11.101944923400879,-100.0,-100.0,0.0,9.311188697814941,253.10844654505877,15.909382343292236,23.683202743530273,-20.0,43.68320274353027
run_1775485413_97f04d0e,1775486010.7437797,6.0,981.0,11.0,-4.222644329071045,-20.0,-11.25047492980957,-100.0,-100.0,0.0,9.5711669921875,248.92495196699406,15.777355670928955,23.683202743530273,-20.0,43.68320274353027
run_1775485413_97f04d0e,1775486013.1497576,6.0,981.0,11.0,-4.2666473388671875,-20.0,-11.299978256225586,-100.0,-100.0,0.0,9.363625526428223,247.53838595957495,15.733352661132812,23.683202743530273,-20.0,43.68320274353027
run_1775485413_97f04d0e,1775486015.541792,6.0,981.0,11.0,-4.486725807189941,-20.0,-11.547566413879395,-100.0,-100.0,0.0,9.23804759979248,240.66167618130658,15.513274192810059,23.683202743530273,-20.0,43.68320274353027
run_1775485413_97f04d0e,1775486017.9488306,6.0,981.0,11.0,-4.530739784240723,-20.0,-11.696094512939453,-100.0,-100.0,0.0,9.508352279663086,239.29801162287276,15.469260215759277,23.683202743530273,-20.0,43.68320274353027
run_1775485413_97f04d0e,1775486020.349628,6.0,981.0,11.0,-4.662761211395264,-20.0,-11.745606422424316,-100.0,-100.0,0.0,8.93310832977295,235.23089365868168,15.337238788604736,23.683202743530273,-20.0,43.68320274353027
run_1775485413_97f04d0e,1775486022.7481024,6.0,981.0,11.0,-4.79476261138916,-20.0,-11.894107818603516,-100.0,-100.0,0.0,9.63232135772705,231.199244044009,15.20523738861084,23.683202743530273,-20.0,43.68320274353027
run_1775485413_97f04d0e,1775486025.1447825,6.0,981.0,11.0,-4.8827643394470215,-20.0,-12.042635917663574,-100.0,-100.0,0.0,9.438970565795898,228.53081401669465,15.117235660552979,23.683202743530273,-20.0,43.68320274353027
run_1775485413_97f04d0e,1775486027.5530415,6.0,981.0,11.0,-5.058791160583496,-20.0,-12.191140174865723,-100.0,-100.0,0.0,8.922261238098145,223.23972158305787,14.941208839416504,23.683202743530273,-20.0,43.68320274353027
run_1775485413_97f04d0e,1775486029.9580905,6.0,981.0,11.0,-5.146799564361572,-20.0,-12.339638710021973,-100.0,-100.0,0.0,9.199612617492676,220.61756318124958,14.853200435638428,23.683202743530273,-20.0,43.68320274353027
run_1775485413_97f04d0e,1775486032.3569274,6.0,981.0,11.0,-5.27876615524292,-20.0,-12.43861198425293,-100.0,-100.0,0.0,9.032204627990723,216.71472591202132,14.72123384475708,23.683202743530273,-20.0,43.68320274353027
run_1775485413_97f04d0e,1775486034.7709227,6.0,981.0,11.0,-5.410768508911133,-20.0,-12.587114334106445,-100.0,-100.0,0.0,9.721781730651855,212.8456755005791,14.589231491088867,23.683202743530273,-20.0,43.68320274353027
run_1775485413_97f04d0e,1775486037.1912847,6.0,981.0,11.0,-5.49876594543457,-20.0,-12.735593795776367,-100.0,-100.0,0.0,9.531444549560547,210.28578910528813,14.50123405456543,23.683202743530273,-20.0,43.68320274353027
run_1775485413_97f04d0e,1775486039.5865362,6.0,981.0,11.0,-5.71873664855957,-20.0,-12.933578491210938,-100.0,-100.0,0.0,9.389402389526367,203.95448291319553,14.28126335144043,23.683202743530273,-20.0,43.68320274353027
run_1775485413_97f04d0e,1775486041.9920576,6.0,981.0,11.0,-5.762716293334961,-20.0,-13.082043647766113,-100.0,-100.0,0.0,9.660636901855469,202.7002473440698,14.237283706665039,23.683202743530273,-20.0,43.68320274353027
run_1775485413_97f04d0e,1775486044.3891022,6.0,981.0,11.0,-5.894697189331055,-20.0,-13.131534576416016,-100.0,-100.0,0.0,9.451216697692871,198.95956738066525,14.105302810668945,23.683202743530273,-20.0,43.68320274353027
run_1775485413_97f04d0e,1775486046.785519,6.0,981.0,11.0,-6.026643753051758,-20.0,-13.279973983764648,-100.0,-100.0,0.0,9.735723495483398,195.25468480412746,13.973356246948242,23.683202743530273,-20.0,43.68320274353027
run_1775485413_97f04d0e,1775486049.1867151,6.0,981.0,11.0,-6.1146087646484375,-20.0,-13.428421974182129,-100.0,-100.0,0.0,9.543313980102539,192.804089758778,13.885391235351562,23.683202743530273,-20.0,43.68320274353027
run_1775485413_97f04d0e,1775486051.591512,6.0,981.0,11.0,-6.2905755043029785,-20.0,-13.576897621154785,-100.0,-100.0,0.0,9.01660442352295,187.94832000321753,13.709424495697021,23.683202743530273,-20.0,43.68320274353027
run_1775485413_97f04d0e,1775486053.989818,6.0,981.0,11.0,-6.2905755043029785,-20.0,-13.72531795501709,-100.0,-100.0,0.0,9.11146354675293,187.94832000321753,13.709424495697021,23.683202743530273,-20.0,43.68320274353027
run_1775485413_97f04d0e,1775486059.4167798,6.0,981.0,11.0,-6.686354637145996,-20.0,-14.121121406555176,-100.0,-100.0,0.0,9.063600540161133,177.25315284784392,13.313645362854004,23.683202743530273,-20.0,43.68320274353027
run_1775485413_97f04d0e,1775486066.8333848,6.0,981.0,11.0,-7.082124710083008,-20.0,-14.56633186340332,-100.0,-100.0,0.0,9.417559623718262,166.87150200584801,12.917875289916992,23.683202743530273,-20.0,43.68320274353027
run_1775485413_97f04d0e,1775486074.9106514,6.0,981.0,11.0,-7.477840900421143,-20.0,-15.01149845123291,-100.0,-100.0,0.0,8.999430656433105,156.80446851516558,12.522159099578857,23.683202743530273,-20.0,43.68320274353027
run_1775485413_97f04d0e,1775486082.9976282,6.0,981.0,11.0,-7.829525470733643,-20.0,-15.456589698791504,-100.0,-100.0,0.0,9.030550003051758,148.12045026752116,12.170474529266357,23.683202743530273,-20.0,43.68320274353027
run_1775485413_97f04d0e,1775486091.0634408,6.0,981.0,11.0,-8.181197166442871,-20.0,-15.852167129516602,-100.0,-100.0,0.0,8.712848663330078,139.68410041849802,11.818802833557129,23.683202743530273,-20.0,43.68320274353027
run_1775485413_97f04d0e,1775486099.143376,6.0,981.0,11.0,-8.576763153076172,-20.0,-16.29717445373535,-100.0,-100.0,0.0,8.828083038330078,130.49034006091824,11.423236846923828,23.683202743530273,-20.0,43.68320274353027
run_1775485413_97f04d0e,1775486107.2523963,6.0,981.0,11.0,-8.972261428833008,-20.0,-16.692670822143555,-100.0,-100.0,0.0,8.58198070526123,121.61101799400421,11.027738571166992,23.683202743530273,-20.0,43.68320274353027
run_1775485413_97f04d0e,1775486115.3012123,6.0,981.0,11.0,-9.323766708374023,-20.0,-17.13753318786621,-100.0,-100.0,0.0,8.769805908203125,113.98195729722283,10.676233291625977,23.683202743530273,-20.0,43.68320274353027
run_1775485413_97f04d0e,1775486123.387203,6.0,981.0,11.0,-9.675240516662598,-20.0,-17.532909393310547,-100.0,-100.0,0.0,8.17672348022461,106.60065838876562,10.324759483337402,23.683202743530273,-20.0,43.68320274353027
run_1775485413_97f04d0e,1775486131.4758587,6.0,981.0,11.0,-10.114519119262695,-20.0,-17.92827033996582,-100.0,-100.0,0.0,8.386378288269043,97.7227322434228,9.885480880737305,23.683202743530273,-20.0,43.68320274353027
run_1775485413_97f04d0e,1775486139.5492253,6.0,981.0,11.0,-10.509824752807617,-20.0,-18.372947692871094,-100.0,-100.0,0.0,8.175556182861328,90.063426222423,9.490175247192383,23.683202743530273,-20.0,43.68320274353027
run_1775485413_97f04d0e,1775486147.6294413,6.0,981.0,11.0,-10.861169815063477,-20.0,-18.817598342895508,-100.0,-100.0,0.0,8.386626243591309,83.51821714910693,9.138830184936523,23.683202743530273,-20.0,43.68320274353027
run_1775485413_97f04d0e,1775486155.7196062,6.0,981.0,11.0,-11.256343841552734,-20.0,-19.212804794311523,-100.0,-100.0,0.0,8.20184326171875,76.4515230171528,8.743656158447266,23.683202743530273,-20.0,43.68320274353027
run_1775485413_97f04d0e,1775486163.786676,6.0,981.0,11.0,-11.60757064819336,-20.0,-19.607912063598633,-100.0,-100.0,0.0,8.077949523925781,70.43287042506563,8.39242935180664,23.683202743530273,-20.0,43.68320274353027
run_1775485413_97f04d0e,1775486171.8683882,6.0,981.0,11.0,-11.95878791809082,-20.0,-20.003023147583008,-100.0,-100.0,0.0,8.212613105773926,64.66109174624216,8.04121208190918,23.683202743530273,-20.0,43.68320274353027
run_1775485413_97f04d0e,1775486179.9531705,6.0,981.0,11.0,-12.362617492675781,-20.0,-20.398054122924805,-100.0,-100.0,0.0,8.527729034423828,58.32961156318197,7.637382507324219,23.683202743530273,-20.0,43.68320274353027
run_1775485413_97f04d0e,1775486188.025789,6.0,981.0,11.0,-12.773439407348633,-20.0,-20.793067932128906,-100.0,-100.0,-0.4949183762073517,8.764760971069336,52.22317799926168,7.226560592651367,23.683202743530273,-20.0,43.68320274353027
run_1775485413_97f04d0e,1775486196.1021233,6.0,981.0,11.0,-13.184179306030273,-20.0,-21.188005447387695,-100.0,-100.0,-1.4178069829940796,8.906692504882812,46.455411732345965,6.815820693969727,23.683202743530273,-20.0,43.68320274353027
run_1775485413_97f04d0e,1775486204.1897545,6.0,981.0,11.0,-13.594868659973145,-20.0,-21.5828914642334,-98.1176986694336,-100.0,-2.2862696647644043,9.032344818115234,41.02570748299422,6.4051313400268555,23.683202743530273,-20.0,43.68320274353027
run_1775485413_97f04d0e,1775486212.2744613,6.0,981.0,11.0,-14.005541801452637,-20.0,-21.97774887084961,-92.00231170654297,-96.4863510131836,-3.0989184379577637,9.11611557006836,35.9335290941317,5.994458198547363,23.683202743530273,-20.0,43.68320274353027
run_1775485413_97f04d0e,1775486220.344956,6.0,981.0,11.0,-14.416131973266602,-20.0,-22.372556686401367,-85.8648681640625,-90.49819946289062,-3.856987953186035,8.759401321411133,31.179582139975537,5.583868026733398,23.683202743530273,-20.0,43.68320274353027
run_1775485413_97f04d0e,1775486228.425217,6.0,981.0,11.0,-14.775365829467773,-20.0,-22.816661834716797,-78.79579162597656,-83.65615844726562,-4.648266315460205,8.929946899414062,27.296802215892967,5.224634170532227,23.683202743530273,-20.0,43.68320274353027
run_1775485413_97f04d0e,1775486236.5043187,6.0,981.0,11.0,-15.185880661010742,-20.0,-23.16201400756836,-72.45770263671875,-76.81462097167969,-5.29420804977417,9.064554214477539,23.17574501003037,4.814119338989258,23.683202743530273,-20.0,43.68320274353027
run_1775485413_97f04d0e,1775486244.593738,6.0,981.0,11.0,-15.545037269592285,-20.0,-23.556663513183594,-67.40789794921875,-70.82942962646484,-5.887759208679199,9.241991996765137,19.84669292932176,4.454962730407715,23.683202743530273,-20.0,43.68320274353027
run_1775485413_97f04d0e,1775486252.6617887,6.0,981.0,11.0,-15.904169082641602,-20.0,-23.90196990966797,-63.565425872802734,-63.98916244506836,-6.429107666015625,8.967618942260742,16.77583090358894,4.095830917358398,23.683202743530273,-20.0,43.68320274353027
run_1775485413_97f04d0e,1775486260.7521017,6.0,981.0,11.0,-16.31451416015625,-20.0,-24.296560287475586,-57.02849197387695,-58.00466537475586,-6.9187798500061035,8.730181694030762,13.582805875688791,3.68548583984375,23.683202743530273,-20.0,43.68320274353027
run_1775485413_97f04d0e,1775486268.8350477,6.0,981.0,11.0,-16.673564910888672,-20.0,-24.641756057739258,-51.68324661254883,-52.021728515625,-7.359635829925537,9.031706809997559,11.06517040207109,3.326435089111328,23.683202743530273,-20.0,43.68320274353027
run_1775485413_97f04d0e,1775486276.9012024,6.0,981.0,11.0,-17.032564163208008,-20.0,-24.937633514404297,-47.551109313964844,-46.03850173950195,-7.7517313957214355,8.478985786437988,8.805675445477391,2.967435836791992,23.683202743530273,-20.0,43.68320274353027
run_1775485413_97f04d0e,1775486285.0050359,6.0,981.0,11.0,-17.391523361206055,-20.0,-25.28277587890625,-41.93453598022461,-40.91078567504883,-8.099809646606445,8.064210891723633,6.804150375133759,2.6084766387939453,23.683202743530273,-20.0,43.68320274353027
run_1775485413_97f04d0e,1775486293.066815,6.0,981.0,11.0,-17.699169158935547,-20.0,-25.57857894897461,-37.44710922241211,-35.78338623046875,-8.406088829040527,7.7862868309021,5.293822559193359,2.300830841064453,23.683202743530273,-20.0,43.68320274353027
run_1775485413_97f04d0e,1775486301.1502953,6.0,981.0,11.0,-18.006803512573242,-20.0,-25.874357223510742,-32.811744689941406,-30.65662384033203,-8.670889854431152,7.608448028564453,3.9728322374903655,1.9931964874267578,23.683202743530273,-20.0,43.68320274353027
run_1775485413_97f04d0e,1775486309.2279632,6.0,981.0,11.0,-18.31439208984375,-20.0,-26.170124053955078,-28.048789978027344,-25.530370712280273,-8.89424991607666,7.496756553649902,2.8412740267813206,1.68560791015625,23.683202743530273,-20.0,43.68320274353027
run_1775485413_97f04d0e,1775486317.304829,6.0,981.0,11.0,-18.621971130371094,-20.0,-26.465845108032227,-23.202293395996094,-20.40459442138672,-9.075797080993652,6.951452732086182,1.898963565530721,1.3780288696289062,23.683202743530273,-20.0,43.68320274353027
run_1775485413_97f04d0e,1775486325.3916562,6.0,981.0,11.0,-18.87822914123535,-20.0,-26.712255477905273,-18.546920776367188,-16.13324546813965,-9.238346099853516,6.290646076202393,1.2583698595735768,1.1217708587646484,23.683202743530273,-20.0,43.68320274353027
run_1775485413_97f04d0e,1775486333.46742,6.0,981.0,11.0,-19.185771942138672,-20.0,-26.95867919921875,-14.626638412475586,-11.008326530456543,-9.345707893371582,6.51020622253418,0.6629673302086303,0.8142280578613281,23.683202743530273,-20.0,43.68320274353027
run_1775485413_97f04d0e,1775486341.5505285,6.0,981.0,11.0,-19.441986083984375,-20.0,-27.205036163330078,-10.641992568969727,-6.737709045410156,-9.416935920715332,6.333130836486816,0.311379530467093,0.558013916015625,23.683202743530273,-20.0,43.68320274353027
run_1775485413_97f04d0e,1775486349.6184983,6.0,981.0,11.0,-19.749481201171875,-20.0,-27.45142364501953,-6.600752353668213,-2.46740984916687,-9.451241493225098,6.172940254211426,0.06275966856628656,0.250518798828125,23.683202743530273,-20.0,43.68320274353027
run_1775485413_97f04d0e,1775486357.7103357,6.0,981.0,11.0,-20.005653381347656,-20.0,-27.747032165527344,-2.4859235286712646,1.8022855520248413,-9.440034866333008,6.051316738128662,3.19607206620276e-05,0.00565338134765625,23.683202743530273,-20.0,43.68320274353027
run_1775485413_97f04d0e,1775486365.792033,6.0,981.0,11.0,-20.210599899291992,-20.0,-27.944076538085938,0.5081072449684143,5.2179975509643555,-9.34571647644043,5.169908046722412,0.04435231758179725,0.2105998992919922,23.683202743530273,-20.0,43.68320274353027
run_1775485413_97f04d0e,1775486373.8707387,6.0,981.0,11.0,-20.364299774169922,-20.0,-28.0425968170166,2.550002098083496,6.925900936126709,-9.194387435913086,4.182240962982178,0.13271432546025608,0.3642997741699219,23.683202743530273,-20.0,43.68320274353027
run_1775485413_97f04d0e,1775486381.9431632,6.0,981.0,11.0,-20.466772079467773,-20.0,-28.190393447875977,3.64764666557312,8.6334867477417,-8.995773315429688,3.926704168319702,0.2178761741706694,0.46677207946777344,23.683202743530273,-20.0,43.68320274353027
run_1775485413_97f04d0e,1775486390.0294194,6.0,981.0,11.0,-20.62047576904297,-20.0,-28.33818244934082,6.420646667480469,11.195151329040527,-8.736759185791016,3.7821035385131836,0.3849901799694635,0.6204757690429688,23.683202743530273,-20.0,43.68320274353027
run_1775485413_97f04d0e,1775486398.1057103,6.0,981.0,11.0,-20.722925186157227,-20.0,-28.43667221069336,7.745296478271484,12.902323722839355,-8.42968463897705,2.8837058544158936,0.5226208247804607,0.7229251861572266,23.683202743530273,-20.0,43.68320274353027
run_1775485413_97f04d0e,1775486406.1975102,6.0,981.0,11.0,-20.82537078857422,-20.0,-28.485933303833008,8.196333885192871,13.756179809570312,-8.096721649169922,2.255150556564331,0.6812369386316277,0.8253707885742188,23.683202743530273,-20.0,43.68320274353027
run_1775485413_97f04d0e,1775486414.2605565,6.0,981.0,11.0,-20.82537078857422,-20.0,-28.485933303833008,7.667335033416748,13.756179809570312,-7.759836196899414,1.5101577043533325,0.6812369386316277,0.8253707885742188,23.683202743530273,-20.0,43.68320274353027
run_1775485413_97f04d0e,1775486422.3389845,6.0,981.0,11.0,-20.82537078857422,-20.0,-28.485933303833008,7.42438268661499,13.756179809570312,-7.422950744628906,1.0112743377685547,0.6812369386316277,0.8253707885742188,23.683202743530273,-20.0,43.68320274353027
run_1775485413_97f04d0e,1775486430.4172878,6.0,981.0,11.0,-20.82537078857422,-20.0,-28.485933303833008,7.376611232757568,13.756179809570312,-7.043954849243164,0.6440898180007935,0.6812369386316277,0.8253707885742188,23.683202743530273,-20.0,43.68320274353027
run_1775485413_97f04d0e,1775486438.5084388,6.0,981.0,11.0,-20.82537078857422,-20.0,-28.485933303833008,7.466192722320557,13.756179809570312,-6.707069396972656,-0.03830714151263237,0.6812369386316277,0.8253707885742188,23.683202743530273,-20.0,43.68320274353027
run_1775485413_97f04d0e,1775486446.583416,6.0,981.0,11.0,-20.82537078857422,-20.0,-28.485933303833008,7.656993865966797,13.756179809570312,-6.373322010040283,0.32417362928390503,0.6812369386316277,0.8253707885742188,23.683202743530273,-20.0,43.68320274353027
run_1775485413_97f04d0e,1775486454.6611578,6.0,981.0,11.0,-20.774139404296875,-20.0,-28.485933303833008,7.946183681488037,12.902323722839355,-6.051866054534912,-0.13183656334877014,0.5992918172851205,0.774139404296875,23.683202743530273,-20.0,43.68320274353027
run_1775485413_97f04d0e,1775486462.7469409,6.0,981.0,11.0,-20.774139404296875,-20.0,-28.43667221069336,6.98482084274292,12.902323722839355,-5.735901832580566,-0.08828409761190414,0.5992918172851205,0.774139404296875,23.683202743530273,-20.0,43.68320274353027
run_1775485413_97f04d0e,1775486470.840054,6.0,981.0,11.0,-20.774139404296875,-20.0,-28.43667221069336,7.334682464599609,13.756179809570312,-5.416799545288086,-0.08493395149707794,0.5992918172851205,0.774139404296875,23.683202743530273,-20.0,43.68320274353027
run_1775485413_97f04d0e,1775486478.899351,6.0,981.0,11.0,-20.774139404296875,-20.0,-28.485933303833008,8.959785461425781,13.756179809570312,-5.092728137969971,0.32742422819137573,0.5992918172851205,0.774139404296875,23.683202743530273,-20.0,43.68320274353027
run_1775485413_97f04d0e,1775486486.982109,6.0,981.0,11.0,-20.774139404296875,-20.0,-28.43667221069336,7.888975143432617,12.902323722839355,-4.767087936401367,-0.14391638338565826,0.5992918172851205,0.774139404296875,23.683202743530273,-20.0,43.68320274353027
run_1775485413_97f04d0e,1775486495.068646,6.0,981.0,11.0,-20.774139404296875,-20.0,-28.43667221069336,8.260197639465332,12.902323722839355,-4.4511237144470215,-0.09637332707643509,0.5992918172851205,0.774139404296875,23.683202743530273,-20.0,43.68320274353027
run_1775485413_97f04d0e,1775486503.1489968,6.0,981.0,11.0,-20.774139404296875,-20.0,-28.43667221069336,8.613164901733398,12.04875373840332,-4.1390767097473145,-0.4807875156402588,0.5992918172851205,0.774139404296875,23.683202743530273,-20.0,43.68320274353027
run_1775485413_97f04d0e,1775486511.2202916,6.0,981.0,11.0,-20.722925186157227,-20.0,-28.387428283691406,7.756777763366699,12.04875373840332,-3.844003677368164,-0.32195845246315,0.5226208247804607,0.7229251861572266,23.683202743530273,-20.0,43.68320274353027
run_1775485413_97f04d0e,1775486519.2937527,6.0,981.0,11.0,-20.722925186157227,-20.0,-28.387428283691406,8.175470352172852,12.04875373840332,-3.5489308834075928,-0.21559880673885345,0.5226208247804607,0.7229251861572266,23.683202743530273,-20.0,43.68320274353027
run_1775485413_97f04d0e,1775486527.387669,6.0,981.0,11.0,-20.722925186157227,-20.0,-28.33818244934082,7.285750865936279,11.195151329040527,-3.267195463180542,-0.4694434702396393,0.5226208247804607,0.7229251861572266,23.683202743530273,-20.0,43.68320274353027
run_1775485413_97f04d0e,1775486535.4564455,6.0,981.0,11.0,-20.671709060668945,-20.0,-28.33818244934082,7.802470684051514,11.195151329040527,-2.958765745162964,-0.31436192989349365,0.45119306218475685,0.6717090606689453,23.683202743530273,-20.0,43.68320274353027
run_1775485413_97f04d0e,1775486543.539777,6.0,981.0,11.0,-20.671709060668945,-20.0,-28.33818244934082,8.197339057922363,11.195151329040527,-2.6845993995666504,-0.21051181852817535,0.45119306218475685,0.6717090606689453,23.683202743530273,-20.0,43.68320274353027
run_1775485413_97f04d0e,1775486551.6228604,6.0,981.0,11.0,-20.671709060668945,-20.0,-28.33818244934082,9.875677108764648,12.04875373840332,-2.407296895980835,-0.16601121425628662,0.45119306218475685,0.6717090606689453,23.683202743530273,-20.0,43.68320274353027
run_1775485413_97f04d0e,1775486559.7017524,6.0,981.0,11.0,-20.671709060668945,-20.0,-28.33818244934082,8.86427116394043,11.195151329040527,-2.1331305503845215,-0.11116908490657806,0.45119306218475685,0.6717090606689453,23.683202743530273,-20.0,43.68320274353027
run_1775485413_97f04d0e,1775486567.7826676,6.0,981.0,11.0,-20.671709060668945,-20.0,-28.33818244934082,9.181121826171875,11.195151329040527,-1.8613176345825195,-0.03861064091324806,0.45119306218475685,0.6717090606689453,23.683202743530273,-20.0,43.68320274353027
run_1775485413_97f04d0e,1775486575.8629127,6.0,981.0,11.0,-20.62047576904297,-20.0,-28.28891944885254,8.258651733398438,10.341262817382812,-1.6049342155456543,-0.35651370882987976,0.3849901799694635,0.6204757690429688,23.683202743530273,-20.0,43.68320274353027
run_1775485413_97f04d0e,1775486583.959911,6.0,981.0,11.0,-20.62047576904297,-20.0,-28.28891944885254,8.648788452148438,10.341262817382812,-1.3516827821731567,-0.23873883485794067,0.3849901799694635,0.6204757690429688,23.683202743530273,-20.0,43.68320274353027
run_1775485413_97f04d0e,1775486592.021094,6.0,981.0,11.0,-20.62047576904297,-20.0,-28.28891944885254,8.993705749511719,10.341262817382812,-1.0984300374984741,-0.1598709672689438,0.3849901799694635,0.6204757690429688,23.683202743530273,-20.0,43.68320274353027
run_1775485413_97f04d0e,1775486600.0982425,6.0,981.0,11.0,-20.569242477416992,-20.0,-28.28891944885254,8.01246452331543,9.487375259399414,-0.8548499941825867,-0.4835151731967926,0.32403699809583486,0.5692424774169922,23.683202743530273,-20.0,43.68320274353027
run_1775485413_97f04d0e,1775486608.1849205,6.0,981.0,11.0,-20.569242477416992,-20.0,-28.239656448364258,8.430453300476074,9.487375259399414,-0.622511088848114,-0.32378503680229187,0.32403699809583486,0.5692424774169922,23.683202743530273,-20.0,43.68320274353027
